Name,Major SN,Major Code,SubType Name,Sub Code
,0,,sub_sn,
Baseplates,1,BA,BAWL,WL
Baseplates,1,BA,BAWLT,WLT
Baseplates,1,BA,BAWLB,WLB
Baseplates,1,BA,BAWLL,WLL
Baseplates,1,BA,BAWLR,WLR
Baseplates,1,BA,BAWLF,WLF
Baseplates,1,BA,BAWH,WH
Baseplates,1,BA,BAWHT,WHT
Baseplates,1,BA,BAWHB,WHB
Baseplates,1,BA,BAWHL,WHL
Baseplates,1,BA,BAWHR,WHR
Baseplates,1,BA,BAWHF,WHF
Baseplates,1,BA,BAPL,PL
Baseplates,1,BA,BAPLT,PLT
Baseplates,1,BA,BAPLB,PLB
Baseplates,1,BA,BAPLL,PLL
Baseplates,1,BA,BAPLR,PLR
Baseplates,1,BA,BAPLF,PLF
Baseplates,1,BA,BAPH,PH
Baseplates,1,BA,BAPHT,PHT
Baseplates,1,BA,BAPHB,PHB
Baseplates,1,BA,BAPHL,PHL
Baseplates,1,BA,BAPHR,PHR
Baseplates,1,BA,BAPHF,PHF
Baseplates,1,BA,BACL,CL
Baseplates,1,BA,BACLT,CLT
Baseplates,1,BA,BACLB,CLB
Baseplates,1,BA,BACLL,CLL
Baseplates,1,BA,BACLR,CLR
Baseplates,1,BA,BACLF,CLF
Baseplates,1,BA,BACH,CH
Baseplates,1,BA,BACHT,CHT
Baseplates,1,BA,BACHB,CHB
Baseplates,1,BA,BACHL,CHL
Baseplates,1,BA,BACHR,CHR
Baseplates,1,BA,BACHF,CHF
LD Sensors,2,SL,,
HD Sensors,3,SH,,
LD Protomodules,4,PL,,
HD Protomodules,5,PH,,
LD Hexaboard,6,XL,XLF01,F01
LD Hexaboard,6,XL,XLF02,F02
LD Hexaboard,6,XL,XLF03,F03
LD Hexaboard,6,XL,XLF10,F10
LD Hexaboard,6,XL,XLT03,T03
LD Hexaboard,6,XL,XLT10,T10
LD Hexaboard,6,XL,XLB03,B03
LD Hexaboard,6,XL,XLB10,B10
LD Hexaboard,6,XL,XLL03,L03
LD Hexaboard,6,XL,XLL10,L10
LD Hexaboard,6,XL,XLR03,R03
LD Hexaboard,6,XL,XLR10,R10
LD Hexaboard,6,XL,XL503,503
LD Hexaboard,6,XL,XL510,510
HD Hexaboard,7,XH,XHF03,F03
HD Hexaboard,7,XH,XHF10,F10
HD Hexaboard,7,XH,XHT03,T03
HD Hexaboard,7,XH,XHT10,T10
HD Hexaboard,7,XH,XHB03,B03
HD Hexaboard,7,XH,XHB10,B10
HD Hexaboard,7,XH,XHL03,L03
HD Hexaboard,7,XH,XHL10,L10
HD Hexaboard,7,XH,XHR03,R03
HD Hexaboard,7,XH,XHR10,R10
LD Module,8,ML,"Full, 300 um, CuW baseplate",F3W
LD Module,8,ML,"Full, 300 um, PCB baseplate",F3P
LD Module,8,ML,"Full, 300 um, Carbon Fiber baseplate",F3C
LD Module,8,ML,"Full, 200 um, CuW baseplate",F2W
LD Module,8,ML,"Full, 200 um, PCB baseplate",F2P
LD Module,8,ML,"Full, 200 um, Carbon Fiber baseplate",F2C
LD Module,8,ML,"Right, 300 um, CuW baseplate",R3W
LD Module,8,ML,"Right, 300 um, PCB baseplate",R3P
LD Module,8,ML,"Right, 300 um, Carbon Fiber baseplate",R3C
LD Module,8,ML,"Right, 200 um, CuW baseplate",R2W
LD Module,8,ML,"Right, 200 um, PCB baseplate",R2P
LD Module,8,ML,"Right, 200 um, Carbon Fiber baseplate",R2C
LD Module,8,ML,"Top, 300 um, CuW baseplate",T3W
LD Module,8,ML,"Top, 300 um, PCB baseplate",T3P
LD Module,8,ML,"Top, 300 um, Carbon Fiber baseplate",T3C
LD Module,8,ML,"Top, 200 um, CuW baseplate",T2W
LD Module,8,ML,"Top, 200 um, PCB baseplate",T2P
LD Module,8,ML,"Top, 200 um, Carbon Fiber baseplate",T2C
LD Module,8,ML,"Left, 300 um, CuW baseplate",L3W
LD Module,8,ML,"Left, 300 um, PCB baseplate",L3P
LD Module,8,ML,"Left, 300 um, Carbon Fiber baseplate",L3C
LD Module,8,ML,"Left, 200 um, CuW baseplate",L2W
LD Module,8,ML,"Left, 200 um, PCB baseplate",L2P
LD Module,8,ML,"Left, 200 um, Carbon Fiber baseplate",L2C
LD Module,8,ML,"Five, 300 um, CuW baseplate",53W
LD Module,8,ML,"Five, 300 um, PCB baseplate",53P
LD Module,8,ML,"Five, 300 um, Carbon Fiber baseplate",53C
LD Module,8,ML,"Five, 200 um, CuW baseplate",52W
LD Module,8,ML,"Five, 200 um, PCB baseplate",52P
LD Module,8,ML,"Five, 200 um, Carbon Fiber baseplate",52C
HD Module,9,MH,"Full, 200 um, CuW baseplate",F2W
HD Module,9,MH,"Full, 200 um, PCB baseplate",F2P
HD Module,9,MH,"Full, 200 um, Carbon Fiber baseplate",F2C
HD Module,9,MH,"Full, 120 um, CuW baseplate",F1W
HD Module,9,MH,"Full, 120 um, PCB baseplate",F1P
HD Module,9,MH,"Full, 120 um, Carbon Fiber baseplate",F1C
HD Module,9,MH,"Right, 200 um, CuW baseplate",R2W
HD Module,9,MH,"Right, 200 um, PCB baseplate",R2P
HD Module,9,MH,"Right, 200 um, Carbon Fiber baseplate",R2C
HD Module,9,MH,"Right, 120 um, CuW baseplate",R1W
HD Module,9,MH,"Right, 120 um, PCB baseplate",R1P
HD Module,9,MH,"Right, 120 um, Carbon Fiber baseplate",R1C
HD Module,9,MH,"Top, 200 um, CuW baseplate",T2W
HD Module,9,MH,"Top, 200 um, PCB baseplate",T2P
HD Module,9,MH,"Top, 200 um, Carbon Fiber baseplate",T2C
HD Module,9,MH,"Top, 120 um, CuW baseplate",T1W
HD Module,9,MH,"Top, 120 um, PCB baseplate",T1P
HD Module,9,MH,"Top, 120 um, Carbon Fiber baseplate",T1C
HD Module,9,MH,"Left, 200 um, CuW baseplate",L2W
HD Module,9,MH,"Left, 200 um, PCB baseplate",L2P
HD Module,9,MH,"Left, 200 um, Carbon Fiber baseplate",L2C
HD Module,9,MH,"Left, 120 um, CuW baseplate",L1W
HD Module,9,MH,"Left, 120 um, PCB baseplate",L1P
HD Module,9,MH,"Left, 120 um, Carbon Fiber baseplate",L1C
HD Module,9,MH,"Five, 200 um, CuW baseplate",52W
HD Module,9,MH,"Five, 200 um, PCB baseplate",52P
HD Module,9,MH,"Five, 200 um, Carbon Fiber baseplate",52C
HD Module,9,MH,"Five, 120 um, CuW baseplate",51W
HD Module,9,MH,"Five, 120 um, PCB baseplate",51P
HD Module,9,MH,"Five, 120 um, Carbon Fiber baseplate",51C
LD Engine,10,EL,EngV1,0000
LD Engine,10,EL,EngV2,0100
LD Engine,10,EL,EngV2b,0200
LD Engine,10,EL,EngV3,0300
LD Engine,10,EL,EngV3W,0310
LD Engine,10,EL,EngEQ,0QE0
LD Engine,10,EL,EngWQ,0QW0
LD Engine,10,EL,EngDmy,0900
LD Engine,10,EL,Eng E,10E0
LD Engine,10,EL,Eng EB,10EB
LD Engine,10,EL,Eng W,10W0
LD Engine,10,EL,Eng WB,10WB
HD Engine,11,EH,HDEF3,03F0
HD Engine,11,EH,HDE FQ,0QF0
HD Engine,11,EH,HDE HQ,0QH0
HD Engine,11,EH,HDE F,10F0
HD Engine,11,EH,HDE FB,10FB
HD Engine,11,EH,HDE H,10H0
HD Engine,11,EH,HDE HB,10HB
LD Wagon East,12,WE,East 1A,10A1
LD Wagon East,12,WE,East 2A,20A1
LD Wagon East,12,WE,East 2B,20B1
LD Wagon East,12,WE,East 3A,30A1
LD Wagon East,12,WE,East T,30A3
LD Wagon East,12,WE,East 1 Debug,10Z1
LD Wagon West,13,WW,West 1A,10A1
LD Wagon West,13,WW,West 2A,20A1
LD Wagon West,13,WW,West 3A,30A1
LD Wagon West,13,WW,Lefty Python,30A2
LD Wagon West,13,WW,West T,30A3
LD Wagon West,13,WW,West 1 Debug,10Z1
LD Wagon West,13,WW,West 1F+1P A,11A1
HD Wagon,14,WH,Prototype A,30A0
HD Wagon,14,WH,Prototype C,30C0
HD Wagon,14,WH,Straight 3 HDEF,30A1
HD Wagon,14,WH,Straight 3 HDEH,30B1
HD Wagon,14,WH,Triangle 3 LT 1,30C1
HD Wagon,14,WH,Triangle 3 LT 2,30C2
HD Wagon,14,WH,Straight 3.5,31A1
HD Wagon,14,WH,J-Shaped 3.5,31B1
HD Wagon,14,WH,Straight 2,20A1
HD Wagon,14,WH,Straight 2.5 HDEF,21A1
HD Wagon,14,WH,Straight 2.5 HDEH,21B1
HD Wagon,14,WH,Straight 3 HDEF Bare,30AB
HD Wagon,14,WH,Straight 3 HDEH Bare,30BB
HD Wagon,14,WH,Triangle 3 LT 1 Bare,30CB
HD Wagon,14,WH,Triangle 3 LT 2 Bare,30CB
HD Wagon,14,WH,Straight 3.5 Bare,31BB
HD Wagon,14,WH,J-Shaped 3.5 Bare,31CB
HD Wagon,14,WH,Straight 2 Bare,20AB
HD Wagon,14,WH,Straight 2.5 HDEF Bare,21AB
HD Wagon,14,WH,Straight 2.5 HDEH Bare,21BB
Concentrator Mezzanine,15,CM,"Full, ECON-T COB Proto",1F11
Concentrator Mezzanine,15,CM,"Full, ECON-T Proto",1F12
Concentrator Mezzanine,15,CM,"Full, ECON-D COB Proto",1F21
Concentrator Mezzanine,15,CM,Full Proto,1F22
Concentrator Mezzanine,15,CM,Dummy,1F90
Concentrator Mezzanine,15,CM,"Partial Semi-Right, T+D",25L0
Concentrator Mezzanine,15,CM,Full ECON-T+D,2F00
DCDC Board,16,DC,TST1,TST1
Zipper Board,17,ZP,Semi/Half Straight,AR00
Zipper Board,17,ZP,Five Right,BR00
Zipper Board,17,ZP,Five Left,CR00
Zipper Board,17,ZP,Five Right Snake,BS00
Zipper Board,17,ZP,Semi/Half LPGBT,AL00
Tester,90,TS,TBT,0001
Tester,90,TS,TBT2,0002
Tester,90,TS,HXCTR1,0011
Tester,90,TS,HXCTR2,0011
Tester,90,TS,ZCU102,0021
Tester,90,TS,WagT,0031
Tester,90,TS,WagWhl,0032
Tester,90,TS,WagAdE,0033
Tester,90,TS,WagAdW,0034
Tester,90,TS,EngT,0400
Tester,90,TS,EngLIE,0410
Tester,90,TS,EngLIW,0420
Tester,90,TS,EngHI,0430
Bare Cast Machined Tile,20,BC,BH/LD Tile Size 0,00
Bare Cast Machined Tile,20,BC,BH/LD Tile Size 2,02
Bare Cast Machined Tile,20,BC,BH/LD Tile Size 4,04
Bare Cast Machined Tile,20,BC,BH/LD Tile Size 6,06
Bare Cast Machined Tile,20,BC,BH/LD Tile Size 8,08
Bare Cast Machined Tile,20,BC,BH/LD Tile Size 10,10
Bare Cast Machined Tile,20,BC,BH/LD Tile Size 12,12
Bare Cast Machined Tile,20,BC,BH/LD Tile Size 14,14
Bare Cast Machined Tile,20,BC,BH/LD Tile Size 16,16
Bare Cast Machined Tile,20,BC,BH/LD Tile Size 18,18
Bare Cast Machined Tile,20,BC,BH/LD Tile Size 20,20
Bare Cast Machined Tile,20,BC,BH/LD Tile Size 22,22
Bare Cast Machined Tile,20,BC,BH/LD Tile Size 24,24
Bare Cast Machined Tile,20,BC,BH/LD Tile Size 26,26
Bare Cast Machined Tile,20,BC,BH/LD Tile Size 28,28
Bare Cast Machined Tile,20,BC,BH/LD Tile Size 30,30
Bare Cast Machined Tile,20,BC,BH/LD Tile Size 32,32
Bare Cast Machined Tile,20,BC,BH/LD Tile Size 34,34
Bare Cast Machined Tile,20,BC,BH/LD Tile Size 36,36
Bare Cast Machined Tile,20,BC,BH/LD Tile Size 38,38
Bare Cast Machined Tile,20,BC,BH/LD Tile Size 40,40
Bare Cast Machined Tile,20,BC,BH/LD Tile Size 42,42
Bare Cast Machined Tile,20,BC,BH/LD Tile Size 44,44
Bare Cast Machined Tile,20,BC,BH/LD Tile Size 46,46
Bare Cast Machined Tile,20,BC,BH/LD Tile Size 48,48
Bare Cast Machined Tile,20,BC,BH/LD Tile Size 50,50
Bare Cast Machined Tile,20,BC,BH/LD Tile Size 52,52
Bare Cast Machined Tile,20,BC,BH/LD Tile Size 54,54
Bare Cast Machined Tile,20,BC,BH/LD Tile Size 56,56
Bare Cast Machined Tile,20,BC,BH/LD Tile Size 58,58
Bare Cast Machined Tile,20,BC,BH/LD Tile Size 60,60
Bare Cast Machined Tile,20,BC,BH/LD Tile Size 62,62
Bare Cast Machined Tile,20,BC,BH/LD Tile Size 64,64
Bare Cast Machined Tile,20,BC,BH/LD Tile Size 66,66
Bare Cast Machined Tile,20,BC,BH/LD Tile Size 68,68
Bare Cast Machined Tile,20,BC,BH/LD Tile Size 70,70
Bare Cast Machined Tile,20,BC,BH/LD Tile Size 72,72
Bare Cast Machined Tile,20,BC,BH/LD Tile Size 74,74
Bare Cast Machined Tile,20,BC,BH/LD Tile Size 76,76
Bare Cast Machined Tile,20,BC,BH/LD Tile Size 78,78
Bare Cast Machined Tile,20,BC,BH/LD Tile Size 80,80
Bare Cast Machined Tile,20,BC,BH/LD Tile Size 82,82
Bare Cast Machined Tile,20,BC,BH/LD Tile Size 84,84
Bare Cast Machined Tile,20,BC,BH/LD Tile Size 86,86
Bare Cast Machined Tile,20,BC,BH/LD Tile Size 88,88
Bare Cast Machined Tile,20,BC,BH/LD Tile Size 90,90
Bare Cast Machined Tile,20,BC,BH/LD Tile Size 92,92
Bare Cast Machined Tile,20,BC,BH/LD Tile Size 94,94
Bare Cast Machined Tile,20,BC,BH/LD Tile Size 96,96
Bare Cast Machined Tile,20,BC,BH/LD Tile Size 98,98
Bare Cast Machined Tile,20,BC,BH/LD Tile Size 99,99
Bare Cast Machined Tile,20,BC,FH/HD Tile Size 1,F1
Bare Cast Machined Tile,20,BC,FH/HD Tile Size 2,F2
Bare Cast Machined Tile,20,BC,FH/HD Tile Size 3,F3
Bare Cast Machined Tile,20,BC,FH/HD Tile Size 4,F4
Bare Cast Machined Tile,20,BC,FH/HD Tile Size 5,F5
Bare Cast Machined Tile,20,BC,FH/HD Tile Size 6,F6
Bare Cast Machined Tile,20,BC,FH/HD Tile Size 7,F7
Bare Cast Machined Tile,20,BC,Special Tile Size 1,S1
Bare Cast Machined Tile,20,BC,Special Tile Size 2,S2
Bare Cast Machined Tile,20,BC,Special Tile Size 3,S3
Bare Cast Machined Tile,20,BC,Special Tile Size 4,S4
Bare Cast Machined Tile,20,BC,Special Tile Size 5,S5
Bare Injection-Molded Tile,21,BI,BH/LD Tile Size 0,00
Bare Injection-Molded Tile,21,BI,BH/LD Tile Size 2,02
Bare Injection-Molded Tile,21,BI,BH/LD Tile Size 4,04
Bare Injection-Molded Tile,21,BI,BH/LD Tile Size 6,06
Bare Injection-Molded Tile,21,BI,BH/LD Tile Size 8,08
Bare Injection-Molded Tile,21,BI,BH/LD Tile Size 10,10
Bare Injection-Molded Tile,21,BI,BH/LD Tile Size 12,12
Bare Injection-Molded Tile,21,BI,BH/LD Tile Size 14,14
Bare Injection-Molded Tile,21,BI,BH/LD Tile Size 16,16
Bare Injection-Molded Tile,21,BI,BH/LD Tile Size 18,18
Bare Injection-Molded Tile,21,BI,BH/LD Tile Size 20,20
Bare Injection-Molded Tile,21,BI,BH/LD Tile Size 22,22
Bare Injection-Molded Tile,21,BI,BH/LD Tile Size 24,24
Bare Injection-Molded Tile,21,BI,BH/LD Tile Size 26,26
Bare Injection-Molded Tile,21,BI,BH/LD Tile Size 28,28
Bare Injection-Molded Tile,21,BI,BH/LD Tile Size 30,30
Bare Injection-Molded Tile,21,BI,BH/LD Tile Size 32,32
Bare Injection-Molded Tile,21,BI,BH/LD Tile Size 34,34
Bare Injection-Molded Tile,21,BI,BH/LD Tile Size 36,36
Bare Injection-Molded Tile,21,BI,BH/LD Tile Size 38,38
Bare Injection-Molded Tile,21,BI,BH/LD Tile Size 40,40
Bare Injection-Molded Tile,21,BI,BH/LD Tile Size 42,42
Bare Injection-Molded Tile,21,BI,BH/LD Tile Size 44,44
Bare Injection-Molded Tile,21,BI,BH/LD Tile Size 46,46
Bare Injection-Molded Tile,21,BI,BH/LD Tile Size 48,48
Bare Injection-Molded Tile,21,BI,BH/LD Tile Size 50,50
Bare Injection-Molded Tile,21,BI,BH/LD Tile Size 52,52
Bare Injection-Molded Tile,21,BI,BH/LD Tile Size 54,54
Bare Injection-Molded Tile,21,BI,BH/LD Tile Size 56,56
Bare Injection-Molded Tile,21,BI,BH/LD Tile Size 58,58
Bare Injection-Molded Tile,21,BI,BH/LD Tile Size 60,60
Bare Injection-Molded Tile,21,BI,BH/LD Tile Size 62,62
Bare Injection-Molded Tile,21,BI,BH/LD Tile Size 64,64
Bare Injection-Molded Tile,21,BI,BH/LD Tile Size 66,66
Bare Injection-Molded Tile,21,BI,BH/LD Tile Size 68,68
Bare Injection-Molded Tile,21,BI,BH/LD Tile Size 70,70
Bare Injection-Molded Tile,21,BI,BH/LD Tile Size 72,72
Bare Injection-Molded Tile,21,BI,BH/LD Tile Size 74,74
Bare Injection-Molded Tile,21,BI,BH/LD Tile Size 76,76
Bare Injection-Molded Tile,21,BI,BH/LD Tile Size 78,78
Bare Injection-Molded Tile,21,BI,BH/LD Tile Size 80,80
Bare Injection-Molded Tile,21,BI,BH/LD Tile Size 82,82
Bare Injection-Molded Tile,21,BI,BH/LD Tile Size 84,84
Bare Injection-Molded Tile,21,BI,BH/LD Tile Size 86,86
Bare Injection-Molded Tile,21,BI,BH/LD Tile Size 88,88
Bare Injection-Molded Tile,21,BI,BH/LD Tile Size 90,90
Bare Injection-Molded Tile,21,BI,BH/LD Tile Size 92,92
Bare Injection-Molded Tile,21,BI,BH/LD Tile Size 94,94
Bare Injection-Molded Tile,21,BI,BH/LD Tile Size 96,96
Bare Injection-Molded Tile,21,BI,BH/LD Tile Size 98,98
Bare Injection-Molded Tile,21,BI,BH/LD Tile Size 99,99
Bare Injection-Molded Tile,21,BI,FH/HD Tile Size 1,F1
Bare Injection-Molded Tile,21,BI,FH/HD Tile Size 2,F2
Bare Injection-Molded Tile,21,BI,FH/HD Tile Size 3,F3
Bare Injection-Molded Tile,21,BI,FH/HD Tile Size 4,F4
Bare Injection-Molded Tile,21,BI,FH/HD Tile Size 5,F5
Bare Injection-Molded Tile,21,BI,FH/HD Tile Size 6,F6
Bare Injection-Molded Tile,21,BI,FH/HD Tile Size 7,F7
Bare Injection-Molded Tile,21,BI,Special Tile Size 1,S1
Bare Injection-Molded Tile,21,BI,Special Tile Size 2,S2
Bare Injection-Molded Tile,21,BI,Special Tile Size 3,S3
Bare Injection-Molded Tile,21,BI,Special Tile Size 4,S4
Bare Injection-Molded Tile,21,BI,Special Tile Size 5,S5
Wrapped Cast Machined Tile,22,TC,BH/LD Tile Size 0,00
Wrapped Cast Machined Tile,22,TC,BH/LD Tile Size 2,02
Wrapped Cast Machined Tile,22,TC,BH/LD Tile Size 4,04
Wrapped Cast Machined Tile,22,TC,BH/LD Tile Size 6,06
Wrapped Cast Machined Tile,22,TC,BH/LD Tile Size 8,08
Wrapped Cast Machined Tile,22,TC,BH/LD Tile Size 10,10
Wrapped Cast Machined Tile,22,TC,BH/LD Tile Size 12,12
Wrapped Cast Machined Tile,22,TC,BH/LD Tile Size 14,14
Wrapped Cast Machined Tile,22,TC,BH/LD Tile Size 16,16
Wrapped Cast Machined Tile,22,TC,BH/LD Tile Size 18,18
Wrapped Cast Machined Tile,22,TC,BH/LD Tile Size 20,20
Wrapped Cast Machined Tile,22,TC,BH/LD Tile Size 22,22
Wrapped Cast Machined Tile,22,TC,BH/LD Tile Size 24,24
Wrapped Cast Machined Tile,22,TC,BH/LD Tile Size 26,26
Wrapped Cast Machined Tile,22,TC,BH/LD Tile Size 28,28
Wrapped Cast Machined Tile,22,TC,BH/LD Tile Size 30,30
Wrapped Cast Machined Tile,22,TC,BH/LD Tile Size 32,32
Wrapped Cast Machined Tile,22,TC,BH/LD Tile Size 34,34
Wrapped Cast Machined Tile,22,TC,BH/LD Tile Size 36,36
Wrapped Cast Machined Tile,22,TC,BH/LD Tile Size 38,38
Wrapped Cast Machined Tile,22,TC,BH/LD Tile Size 40,40
Wrapped Cast Machined Tile,22,TC,BH/LD Tile Size 42,42
Wrapped Cast Machined Tile,22,TC,BH/LD Tile Size 44,44
Wrapped Cast Machined Tile,22,TC,BH/LD Tile Size 46,46
Wrapped Cast Machined Tile,22,TC,BH/LD Tile Size 48,48
Wrapped Cast Machined Tile,22,TC,BH/LD Tile Size 50,50
Wrapped Cast Machined Tile,22,TC,BH/LD Tile Size 52,52
Wrapped Cast Machined Tile,22,TC,BH/LD Tile Size 54,54
Wrapped Cast Machined Tile,22,TC,BH/LD Tile Size 56,56
Wrapped Cast Machined Tile,22,TC,BH/LD Tile Size 58,58
Wrapped Cast Machined Tile,22,TC,BH/LD Tile Size 60,60
Wrapped Cast Machined Tile,22,TC,BH/LD Tile Size 62,62
Wrapped Cast Machined Tile,22,TC,BH/LD Tile Size 64,64
Wrapped Cast Machined Tile,22,TC,BH/LD Tile Size 66,66
Wrapped Cast Machined Tile,22,TC,BH/LD Tile Size 68,68
Wrapped Cast Machined Tile,22,TC,BH/LD Tile Size 70,70
Wrapped Cast Machined Tile,22,TC,BH/LD Tile Size 72,72
Wrapped Cast Machined Tile,22,TC,BH/LD Tile Size 74,74
Wrapped Cast Machined Tile,22,TC,BH/LD Tile Size 76,76
Wrapped Cast Machined Tile,22,TC,BH/LD Tile Size 78,78
Wrapped Cast Machined Tile,22,TC,BH/LD Tile Size 80,80
Wrapped Cast Machined Tile,22,TC,BH/LD Tile Size 82,82
Wrapped Cast Machined Tile,22,TC,BH/LD Tile Size 84,84
Wrapped Cast Machined Tile,22,TC,BH/LD Tile Size 86,86
Wrapped Cast Machined Tile,22,TC,BH/LD Tile Size 88,88
Wrapped Cast Machined Tile,22,TC,BH/LD Tile Size 90,90
Wrapped Cast Machined Tile,22,TC,BH/LD Tile Size 92,92
Wrapped Cast Machined Tile,22,TC,BH/LD Tile Size 94,94
Wrapped Cast Machined Tile,22,TC,BH/LD Tile Size 96,96
Wrapped Cast Machined Tile,22,TC,BH/LD Tile Size 98,98
Wrapped Cast Machined Tile,22,TC,BH/LD Tile Size 99,99
Wrapped Cast Machined Tile,22,TC,FH/HD Tile Size 1,F1
Wrapped Cast Machined Tile,22,TC,FH/HD Tile Size 2,F2
Wrapped Cast Machined Tile,22,TC,FH/HD Tile Size 3,F3
Wrapped Cast Machined Tile,22,TC,FH/HD Tile Size 4,F4
Wrapped Cast Machined Tile,22,TC,FH/HD Tile Size 5,F5
Wrapped Cast Machined Tile,22,TC,FH/HD Tile Size 6,F6
Wrapped Cast Machined Tile,22,TC,FH/HD Tile Size 7,F7
Wrapped Cast Machined Tile,22,TC,Special Tile Size 1,S1
Wrapped Cast Machined Tile,22,TC,Special Tile Size 2,S2
Wrapped Cast Machined Tile,22,TC,Special Tile Size 3,S3
Wrapped Cast Machined Tile,22,TC,Special Tile Size 4,S4
Wrapped Cast Machined Tile,22,TC,Special Tile Size 5,S5
Wrapped Injection-Molded Tile,23,TI,BH/LD Tile Size 0,00
Wrapped Injection-Molded Tile,23,TI,BH/LD Tile Size 2,02
Wrapped Injection-Molded Tile,23,TI,BH/LD Tile Size 4,04
Wrapped Injection-Molded Tile,23,TI,BH/LD Tile Size 6,06
Wrapped Injection-Molded Tile,23,TI,BH/LD Tile Size 8,08
Wrapped Injection-Molded Tile,23,TI,BH/LD Tile Size 10,10
Wrapped Injection-Molded Tile,23,TI,BH/LD Tile Size 12,12
Wrapped Injection-Molded Tile,23,TI,BH/LD Tile Size 14,14
Wrapped Injection-Molded Tile,23,TI,BH/LD Tile Size 16,16
Wrapped Injection-Molded Tile,23,TI,BH/LD Tile Size 18,18
Wrapped Injection-Molded Tile,23,TI,BH/LD Tile Size 20,20
Wrapped Injection-Molded Tile,23,TI,BH/LD Tile Size 22,22
Wrapped Injection-Molded Tile,23,TI,BH/LD Tile Size 24,24
Wrapped Injection-Molded Tile,23,TI,BH/LD Tile Size 26,26
Wrapped Injection-Molded Tile,23,TI,BH/LD Tile Size 28,28
Wrapped Injection-Molded Tile,23,TI,BH/LD Tile Size 30,30
Wrapped Injection-Molded Tile,23,TI,BH/LD Tile Size 32,32
Wrapped Injection-Molded Tile,23,TI,BH/LD Tile Size 34,34
Wrapped Injection-Molded Tile,23,TI,BH/LD Tile Size 36,36
Wrapped Injection-Molded Tile,23,TI,BH/LD Tile Size 38,38
Wrapped Injection-Molded Tile,23,TI,BH/LD Tile Size 40,40
Wrapped Injection-Molded Tile,23,TI,BH/LD Tile Size 42,42
Wrapped Injection-Molded Tile,23,TI,BH/LD Tile Size 44,44
Wrapped Injection-Molded Tile,23,TI,BH/LD Tile Size 46,46
Wrapped Injection-Molded Tile,23,TI,BH/LD Tile Size 48,48
Wrapped Injection-Molded Tile,23,TI,BH/LD Tile Size 50,50
Wrapped Injection-Molded Tile,23,TI,BH/LD Tile Size 52,52
Wrapped Injection-Molded Tile,23,TI,BH/LD Tile Size 54,54
Wrapped Injection-Molded Tile,23,TI,BH/LD Tile Size 56,56
Wrapped Injection-Molded Tile,23,TI,BH/LD Tile Size 58,58
Wrapped Injection-Molded Tile,23,TI,BH/LD Tile Size 60,60
Wrapped Injection-Molded Tile,23,TI,BH/LD Tile Size 62,62
Wrapped Injection-Molded Tile,23,TI,BH/LD Tile Size 64,64
Wrapped Injection-Molded Tile,23,TI,BH/LD Tile Size 66,66
Wrapped Injection-Molded Tile,23,TI,BH/LD Tile Size 68,68
Wrapped Injection-Molded Tile,23,TI,BH/LD Tile Size 70,70
Wrapped Injection-Molded Tile,23,TI,BH/LD Tile Size 72,72
Wrapped Injection-Molded Tile,23,TI,BH/LD Tile Size 74,74
Wrapped Injection-Molded Tile,23,TI,BH/LD Tile Size 76,76
Wrapped Injection-Molded Tile,23,TI,BH/LD Tile Size 78,78
Wrapped Injection-Molded Tile,23,TI,BH/LD Tile Size 80,80
Wrapped Injection-Molded Tile,23,TI,BH/LD Tile Size 82,82
Wrapped Injection-Molded Tile,23,TI,BH/LD Tile Size 84,84
Wrapped Injection-Molded Tile,23,TI,BH/LD Tile Size 86,86
Wrapped Injection-Molded Tile,23,TI,BH/LD Tile Size 88,88
Wrapped Injection-Molded Tile,23,TI,BH/LD Tile Size 90,90
Wrapped Injection-Molded Tile,23,TI,BH/LD Tile Size 92,92
Wrapped Injection-Molded Tile,23,TI,BH/LD Tile Size 94,94
Wrapped Injection-Molded Tile,23,TI,BH/LD Tile Size 96,96
Wrapped Injection-Molded Tile,23,TI,BH/LD Tile Size 98,98
Wrapped Injection-Molded Tile,23,TI,BH/LD Tile Size 99,99
Wrapped Injection-Molded Tile,23,TI,FH/HD Tile Size 1,F1
Wrapped Injection-Molded Tile,23,TI,FH/HD Tile Size 2,F2
Wrapped Injection-Molded Tile,23,TI,FH/HD Tile Size 3,F3
Wrapped Injection-Molded Tile,23,TI,FH/HD Tile Size 4,F4
Wrapped Injection-Molded Tile,23,TI,FH/HD Tile Size 5,F5
Wrapped Injection-Molded Tile,23,TI,FH/HD Tile Size 6,F6
Wrapped Injection-Molded Tile,23,TI,FH/HD Tile Size 7,F7
Wrapped Injection-Molded Tile,23,TI,Special Tile Size 1,S1
Wrapped Injection-Molded Tile,23,TI,Special Tile Size 2,S2
Wrapped Injection-Molded Tile,23,TI,Special Tile Size 3,S3
Wrapped Injection-Molded Tile,23,TI,Special Tile Size 4,S4
Wrapped Injection-Molded Tile,23,TI,Special Tile Size 5,S5
SiPM,24,SP,SiPM 4 mm,04
SiPM,24,SP,SiPM 9 mm,09
Tile PCB w/o Components,25,TP,"Shape A, Row 3, L",A3L9
Tile PCB w/o Components,25,TP,"Shape A, Row 3, R",A3R9
Tile PCB w/o Components,25,TP,"Shape A, Row 3, F",A3F9
Tile PCB w/o Components,25,TP,"Shape A, Row 4, L",A4L9
Tile PCB w/o Components,25,TP,"Shape A, Row 4, R",A4R9
Tile PCB w/o Components,25,TP,"Shape A, Row 4, F",A4F9
Tile PCB w/o Components,25,TP,"Shape A, Row 5, L",A5L9
Tile PCB w/o Components,25,TP,"Shape A, Row 5, R",A5R9
Tile PCB w/o Components,25,TP,"Shape A, Row 5, F",A5F9
Tile PCB w/o Components,25,TP,"Shape A, Row 6, L",A6L9
Tile PCB w/o Components,25,TP,"Shape A, Row 6, R",A6R9
Tile PCB w/o Components,25,TP,"Shape A, Row 6, F",A6F9
Tile PCB w/o Components,25,TP,"Shape A, Row 7, L",A7L9
Tile PCB w/o Components,25,TP,"Shape A, Row 7, R",A7R9
Tile PCB w/o Components,25,TP,"Shape A, Row 7, F",A7F9
Tile PCB w/o Components,25,TP,"Shape A, Row 8, L",A8L9
Tile PCB w/o Components,25,TP,"Shape A, Row 8, R",A8R9
Tile PCB w/o Components,25,TP,"Shape A, Row 8, F",A8F9
Tile PCB w/o Components,25,TP,"Shape A, Row 9, L",A9L9
Tile PCB w/o Components,25,TP,"Shape A, Row 9, R",A9R9
Tile PCB w/o Components,25,TP,"Shape A, Row 9, F",A9F9
Tile PCB w/o Components,25,TP,"Shape A, Row 10, L",A0L9
Tile PCB w/o Components,25,TP,"Shape A, Row 10, R",A0R9
Tile PCB w/o Components,25,TP,"Shape A, Row 10, F",A0F9
Tile PCB w/o Components,25,TP,"Shape A, Row 11, L",A1L9
Tile PCB w/o Components,25,TP,"Shape A, Row 11, R",A1R9
Tile PCB w/o Components,25,TP,"Shape A, Row 11, F",A1F9
Tile PCB w/o Components,25,TP,"Shape A, Row 12, L",A2L9
Tile PCB w/o Components,25,TP,"Shape A, Row 12, R",A2R9
Tile PCB w/o Components,25,TP,"Shape A, Row 12, F",A2F9
Tile PCB w/o Components,25,TP,"Shape B, Row 3, L",B3L9
Tile PCB w/o Components,25,TP,"Shape B, Row 3, R",B3R9
Tile PCB w/o Components,25,TP,"Shape B, Row 3, F",B3F9
Tile PCB w/o Components,25,TP,"Shape B, Row 4, L",B4L9
Tile PCB w/o Components,25,TP,"Shape B, Row 4, R",B4R9
Tile PCB w/o Components,25,TP,"Shape B, Row 4, F",B4F9
Tile PCB w/o Components,25,TP,"Shape B, Row 5, L",B5L9
Tile PCB w/o Components,25,TP,"Shape B, Row 5, R",B5R9
Tile PCB w/o Components,25,TP,"Shape B, Row 5, F",B5F9
Tile PCB w/o Components,25,TP,"Shape B, Row 6, L",B6L9
Tile PCB w/o Components,25,TP,"Shape B, Row 6, R",B6R9
Tile PCB w/o Components,25,TP,"Shape B, Row 6, F",B6F9
Tile PCB w/o Components,25,TP,"Shape B, Row 7, L",B7L9
Tile PCB w/o Components,25,TP,"Shape B, Row 7, R",B7R9
Tile PCB w/o Components,25,TP,"Shape B, Row 7, F",B7F9
Tile PCB w/o Components,25,TP,"Shape B, Row 8, L",B8L9
Tile PCB w/o Components,25,TP,"Shape B, Row 8, R",B8R9
Tile PCB w/o Components,25,TP,"Shape B, Row 8, F",B8F9
Tile PCB w/o Components,25,TP,"Shape B, Row 9, L",B9L9
Tile PCB w/o Components,25,TP,"Shape B, Row 9, R",B9R9
Tile PCB w/o Components,25,TP,"Shape B, Row 9, F",B9F9
Tile PCB w/o Components,25,TP,"Shape B, Row 10, L",B0L9
Tile PCB w/o Components,25,TP,"Shape B, Row 10, R",B0R9
Tile PCB w/o Components,25,TP,"Shape B, Row 10, F",B0F9
Tile PCB w/o Components,25,TP,"Shape B, Row 11, L",B1L9
Tile PCB w/o Components,25,TP,"Shape B, Row 11, R",B1R9
Tile PCB w/o Components,25,TP,"Shape B, Row 11, F",B1F9
Tile PCB w/o Components,25,TP,"Shape B, Row 12, L",B2L9
Tile PCB w/o Components,25,TP,"Shape B, Row 12, R",B2R9
Tile PCB w/o Components,25,TP,"Shape B, Row 12, F",B2F9
Tile PCB w/o Components,25,TP,"Shape C, Row 3, L",C3L9
Tile PCB w/o Components,25,TP,"Shape C, Row 3, R",C3R9
Tile PCB w/o Components,25,TP,"Shape C, Row 3, F",C3F9
Tile PCB w/o Components,25,TP,"Shape C, Row 4, L",C4L9
Tile PCB w/o Components,25,TP,"Shape C, Row 4, R",C4R9
Tile PCB w/o Components,25,TP,"Shape C, Row 4, F",C4F9
Tile PCB w/o Components,25,TP,"Shape C, Row 5, L",C5L9
Tile PCB w/o Components,25,TP,"Shape C, Row 5, R",C5R9
Tile PCB w/o Components,25,TP,"Shape C, Row 5, F",C5F9
Tile PCB w/o Components,25,TP,"Shape C, Row 6, L",C6L9
Tile PCB w/o Components,25,TP,"Shape C, Row 6, R",C6R9
Tile PCB w/o Components,25,TP,"Shape C, Row 6, F",C6F9
Tile PCB w/o Components,25,TP,"Shape C, Row 7, L",C7L9
Tile PCB w/o Components,25,TP,"Shape C, Row 7, R",C7R9
Tile PCB w/o Components,25,TP,"Shape C, Row 7, F",C7F9
Tile PCB w/o Components,25,TP,"Shape C, Row 8, L",C8L9
Tile PCB w/o Components,25,TP,"Shape C, Row 8, R",C8R9
Tile PCB w/o Components,25,TP,"Shape C, Row 8, F",C8F9
Tile PCB w/o Components,25,TP,"Shape C, Row 9, L",C9L9
Tile PCB w/o Components,25,TP,"Shape C, Row 9, R",C9R9
Tile PCB w/o Components,25,TP,"Shape C, Row 9, F",C9F9
Tile PCB w/o Components,25,TP,"Shape C, Row 10, L",C0L9
Tile PCB w/o Components,25,TP,"Shape C, Row 10, R",C0R9
Tile PCB w/o Components,25,TP,"Shape C, Row 10, F",C0F9
Tile PCB w/o Components,25,TP,"Shape C, Row 11, L",C1L9
Tile PCB w/o Components,25,TP,"Shape C, Row 11, R",C1R9
Tile PCB w/o Components,25,TP,"Shape C, Row 11, F",C1F9
Tile PCB w/o Components,25,TP,"Shape C, Row 12, L",C2L9
Tile PCB w/o Components,25,TP,"Shape C, Row 12, R",C2R9
Tile PCB w/o Components,25,TP,"Shape C, Row 12, F",C2F9
Tile PCB w/o Components,25,TP,"Shape D, Row 3, L",D3L9
Tile PCB w/o Components,25,TP,"Shape D, Row 3, R",D3R9
Tile PCB w/o Components,25,TP,"Shape D, Row 3, F",D3F9
Tile PCB w/o Components,25,TP,"Shape D, Row 4, L",D4L9
Tile PCB w/o Components,25,TP,"Shape D, Row 4, R",D4R9
Tile PCB w/o Components,25,TP,"Shape D, Row 4, F",D4F9
Tile PCB w/o Components,25,TP,"Shape D, Row 5, L",D5L9
Tile PCB w/o Components,25,TP,"Shape D, Row 5, R",D5R9
Tile PCB w/o Components,25,TP,"Shape D, Row 5, F",D5F9
Tile PCB w/o Components,25,TP,"Shape D, Row 6, L",D6L9
Tile PCB w/o Components,25,TP,"Shape D, Row 6, R",D6R9
Tile PCB w/o Components,25,TP,"Shape D, Row 6, F",D6F9
Tile PCB w/o Components,25,TP,"Shape D, Row 7, L",D7L9
Tile PCB w/o Components,25,TP,"Shape D, Row 7, R",D7R9
Tile PCB w/o Components,25,TP,"Shape D, Row 7, F",D7F9
Tile PCB w/o Components,25,TP,"Shape D, Row 8, L",D8L9
Tile PCB w/o Components,25,TP,"Shape D, Row 8, R",D8R9
Tile PCB w/o Components,25,TP,"Shape D, Row 8, F",D8F9
Tile PCB w/o Components,25,TP,"Shape D, Row 9, L",D9L9
Tile PCB w/o Components,25,TP,"Shape D, Row 9, R",D9R9
Tile PCB w/o Components,25,TP,"Shape D, Row 9, F",D9F9
Tile PCB w/o Components,25,TP,"Shape D, Row 10, L",D0L9
Tile PCB w/o Components,25,TP,"Shape D, Row 10, R",D0R9
Tile PCB w/o Components,25,TP,"Shape D, Row 10, F",D0F9
Tile PCB w/o Components,25,TP,"Shape D, Row 11, L",D1L9
Tile PCB w/o Components,25,TP,"Shape D, Row 11, R",D1R9
Tile PCB w/o Components,25,TP,"Shape D, Row 11, F",D1F9
Tile PCB w/o Components,25,TP,"Shape D, Row 12, L",D2L9
Tile PCB w/o Components,25,TP,"Shape D, Row 12, R",D2R9
Tile PCB w/o Components,25,TP,"Shape D, Row 12, F",D2F9
Tile PCB w/o Components,25,TP,"Shape E, Row 3, L",E3L9
Tile PCB w/o Components,25,TP,"Shape E, Row 3, R",E3R9
Tile PCB w/o Components,25,TP,"Shape E, Row 3, F",E3F9
Tile PCB w/o Components,25,TP,"Shape E, Row 4, L",E4L9
Tile PCB w/o Components,25,TP,"Shape E, Row 4, R",E4R9
Tile PCB w/o Components,25,TP,"Shape E, Row 4, F",E4F9
Tile PCB w/o Components,25,TP,"Shape E, Row 5, L",E5L9
Tile PCB w/o Components,25,TP,"Shape E, Row 5, R",E5R9
Tile PCB w/o Components,25,TP,"Shape E, Row 5, F",E5F9
Tile PCB w/o Components,25,TP,"Shape E, Row 6, L",E6L9
Tile PCB w/o Components,25,TP,"Shape E, Row 6, R",E6R9
Tile PCB w/o Components,25,TP,"Shape E, Row 6, F",E6F9
Tile PCB w/o Components,25,TP,"Shape E, Row 7, L",E7L9
Tile PCB w/o Components,25,TP,"Shape E, Row 7, R",E7R9
Tile PCB w/o Components,25,TP,"Shape E, Row 7, F",E7F9
Tile PCB w/o Components,25,TP,"Shape E, Row 8, L",E8L9
Tile PCB w/o Components,25,TP,"Shape E, Row 8, R",E8R9
Tile PCB w/o Components,25,TP,"Shape E, Row 8, F",E8F9
Tile PCB w/o Components,25,TP,"Shape E, Row 9, L",E9L9
Tile PCB w/o Components,25,TP,"Shape E, Row 9, R",E9R9
Tile PCB w/o Components,25,TP,"Shape E, Row 9, F",E9F9
Tile PCB w/o Components,25,TP,"Shape E, Row 10, L",E0L9
Tile PCB w/o Components,25,TP,"Shape E, Row 10, R",E0R9
Tile PCB w/o Components,25,TP,"Shape E, Row 10, F",E0F9
Tile PCB w/o Components,25,TP,"Shape E, Row 11, L",E1L9
Tile PCB w/o Components,25,TP,"Shape E, Row 11, R",E1R9
Tile PCB w/o Components,25,TP,"Shape E, Row 11, F",E1F9
Tile PCB w/o Components,25,TP,"Shape E, Row 12, L",E2L9
Tile PCB w/o Components,25,TP,"Shape E, Row 12, R",E2R9
Tile PCB w/o Components,25,TP,"Shape E, Row 12, F",E2F9
Tile PCB w/o Components,25,TP,"Shape G, Row 3, L",G3L9
Tile PCB w/o Components,25,TP,"Shape G, Row 3, R",G3R9
Tile PCB w/o Components,25,TP,"Shape G, Row 3, F",G3F9
Tile PCB w/o Components,25,TP,"Shape G, Row 4, L",G4L9
Tile PCB w/o Components,25,TP,"Shape G, Row 4, R",G4R9
Tile PCB w/o Components,25,TP,"Shape G, Row 4, F",G4F9
Tile PCB w/o Components,25,TP,"Shape G, Row 5, L",G5L9
Tile PCB w/o Components,25,TP,"Shape G, Row 5, R",G5R9
Tile PCB w/o Components,25,TP,"Shape G, Row 5, F",G5F9
Tile PCB w/o Components,25,TP,"Shape G, Row 6, L",G6L9
Tile PCB w/o Components,25,TP,"Shape G, Row 6, R",G6R9
Tile PCB w/o Components,25,TP,"Shape G, Row 6, F",G6F9
Tile PCB w/o Components,25,TP,"Shape G, Row 7, L",G7L9
Tile PCB w/o Components,25,TP,"Shape G, Row 7, R",G7R9
Tile PCB w/o Components,25,TP,"Shape G, Row 7, F",G7F9
Tile PCB w/o Components,25,TP,"Shape G, Row 8, L",G8L9
Tile PCB w/o Components,25,TP,"Shape G, Row 8, R",G8R9
Tile PCB w/o Components,25,TP,"Shape G, Row 8, F",G8F9
Tile PCB w/o Components,25,TP,"Shape G, Row 9, L",G9L9
Tile PCB w/o Components,25,TP,"Shape G, Row 9, R",G9R9
Tile PCB w/o Components,25,TP,"Shape G, Row 9, F",G9F9
Tile PCB w/o Components,25,TP,"Shape G, Row 10, L",G0L9
Tile PCB w/o Components,25,TP,"Shape G, Row 10, R",G0R9
Tile PCB w/o Components,25,TP,"Shape G, Row 10, F",G0F9
Tile PCB w/o Components,25,TP,"Shape G, Row 11, L",G1L9
Tile PCB w/o Components,25,TP,"Shape G, Row 11, R",G1R9
Tile PCB w/o Components,25,TP,"Shape G, Row 11, F",G1F9
Tile PCB w/o Components,25,TP,"Shape G, Row 12, L",G2L9
Tile PCB w/o Components,25,TP,"Shape G, Row 12, R",G2R9
Tile PCB w/o Components,25,TP,"Shape G, Row 12, F",G2F9
Tile PCB w/o Components,25,TP,"Shape J, Row 3, L",J3L9
Tile PCB w/o Components,25,TP,"Shape J, Row 3, R",J3R9
Tile PCB w/o Components,25,TP,"Shape J, Row 3, F",J3F9
Tile PCB w/o Components,25,TP,"Shape J, Row 4, L",J4L9
Tile PCB w/o Components,25,TP,"Shape J, Row 4, R",J4R9
Tile PCB w/o Components,25,TP,"Shape J, Row 4, F",J4F9
Tile PCB w/o Components,25,TP,"Shape J, Row 5, L",J5L9
Tile PCB w/o Components,25,TP,"Shape J, Row 5, R",J5R9
Tile PCB w/o Components,25,TP,"Shape J, Row 5, F",J5F9
Tile PCB w/o Components,25,TP,"Shape J, Row 6, L",J6L9
Tile PCB w/o Components,25,TP,"Shape J, Row 6, R",J6R9
Tile PCB w/o Components,25,TP,"Shape J, Row 6, F",J6F9
Tile PCB w/o Components,25,TP,"Shape J, Row 7, L",J7L9
Tile PCB w/o Components,25,TP,"Shape J, Row 7, R",J7R9
Tile PCB w/o Components,25,TP,"Shape J, Row 7, F",J7F9
Tile PCB w/o Components,25,TP,"Shape J, Row 8, L",J8L9
Tile PCB w/o Components,25,TP,"Shape J, Row 8, R",J8R9
Tile PCB w/o Components,25,TP,"Shape J, Row 8, F",J8F9
Tile PCB w/o Components,25,TP,"Shape J, Row 9, L",J9L9
Tile PCB w/o Components,25,TP,"Shape J, Row 9, R",J9R9
Tile PCB w/o Components,25,TP,"Shape J, Row 9, F",J9F9
Tile PCB w/o Components,25,TP,"Shape J, Row 10, L",J0L9
Tile PCB w/o Components,25,TP,"Shape J, Row 10, R",J0R9
Tile PCB w/o Components,25,TP,"Shape J, Row 10, F",J0F9
Tile PCB w/o Components,25,TP,"Shape J, Row 11, L",J1L9
Tile PCB w/o Components,25,TP,"Shape J, Row 11, R",J1R9
Tile PCB w/o Components,25,TP,"Shape J, Row 11, F",J1F9
Tile PCB w/o Components,25,TP,"Shape J, Row 12, L",J2L9
Tile PCB w/o Components,25,TP,"Shape J, Row 12, R",J2R9
Tile PCB w/o Components,25,TP,"Shape J, Row 12, F",J2F9
Tile PCB w/o Components,25,TP,"Shape K, Row 3, L",K3L9
Tile PCB w/o Components,25,TP,"Shape K, Row 3, R",K3R9
Tile PCB w/o Components,25,TP,"Shape K, Row 3, F",K3F9
Tile PCB w/o Components,25,TP,"Shape K, Row 4, L",K4L9
Tile PCB w/o Components,25,TP,"Shape K, Row 4, R",K4R9
Tile PCB w/o Components,25,TP,"Shape K, Row 4, F",K4F9
Tile PCB w/o Components,25,TP,"Shape K, Row 5, L",K5L9
Tile PCB w/o Components,25,TP,"Shape K, Row 5, R",K5R9
Tile PCB w/o Components,25,TP,"Shape K, Row 5, F",K5F9
Tile PCB w/o Components,25,TP,"Shape K, Row 6, L",K6L9
Tile PCB w/o Components,25,TP,"Shape K, Row 6, R",K6R9
Tile PCB w/o Components,25,TP,"Shape K, Row 6, F",K6F9
Tile PCB w/o Components,25,TP,"Shape K, Row 7, L",K7L9
Tile PCB w/o Components,25,TP,"Shape K, Row 7, R",K7R9
Tile PCB w/o Components,25,TP,"Shape K, Row 7, F",K7F9
Tile PCB w/o Components,25,TP,"Shape K, Row 8, L",K8L9
Tile PCB w/o Components,25,TP,"Shape K, Row 8, R",K8R9
Tile PCB w/o Components,25,TP,"Shape K, Row 8, F",K8F9
Tile PCB w/o Components,25,TP,"Shape K, Row 9, L",K9L9
Tile PCB w/o Components,25,TP,"Shape K, Row 9, R",K9R9
Tile PCB w/o Components,25,TP,"Shape K, Row 9, F",K9F9
Tile PCB w/o Components,25,TP,"Shape K, Row 10, L",K0L9
Tile PCB w/o Components,25,TP,"Shape K, Row 10, R",K0R9
Tile PCB w/o Components,25,TP,"Shape K, Row 10, F",K0F9
Tile PCB w/o Components,25,TP,"Shape K, Row 11, L",K1L9
Tile PCB w/o Components,25,TP,"Shape K, Row 11, R",K1R9
Tile PCB w/o Components,25,TP,"Shape K, Row 11, F",K1F9
Tile PCB w/o Components,25,TP,"Shape K, Row 12, L",K2L9
Tile PCB w/o Components,25,TP,"Shape K, Row 12, R",K2R9
Tile PCB w/o Components,25,TP,"Shape K, Row 12, F",K2F9
Tile PCB (TileBoard),26,TB,"Shape A, Row 3, L",A3L9
Tile PCB (TileBoard),26,TB,"Shape A, Row 3, R",A3R9
Tile PCB (TileBoard),26,TB,"Shape A, Row 3, F",A3F9
Tile PCB (TileBoard),26,TB,"Shape A, Row 4, L",A4L9
Tile PCB (TileBoard),26,TB,"Shape A, Row 4, R",A4R9
Tile PCB (TileBoard),26,TB,"Shape A, Row 4, F",A4F9
Tile PCB (TileBoard),26,TB,"Shape A, Row 5, L",A5L9
Tile PCB (TileBoard),26,TB,"Shape A, Row 5, R",A5R9
Tile PCB (TileBoard),26,TB,"Shape A, Row 5, F",A5F9
Tile PCB (TileBoard),26,TB,"Shape A, Row 6, L",A6L9
Tile PCB (TileBoard),26,TB,"Shape A, Row 6, R",A6R9
Tile PCB (TileBoard),26,TB,"Shape A, Row 6, F",A6F9
Tile PCB (TileBoard),26,TB,"Shape A, Row 7, L",A7L9
Tile PCB (TileBoard),26,TB,"Shape A, Row 7, R",A7R9
Tile PCB (TileBoard),26,TB,"Shape A, Row 7, F",A7F9
Tile PCB (TileBoard),26,TB,"Shape A, Row 8, L",A8L9
Tile PCB (TileBoard),26,TB,"Shape A, Row 8, R",A8R9
Tile PCB (TileBoard),26,TB,"Shape A, Row 8, F",A8F9
Tile PCB (TileBoard),26,TB,"Shape A, Row 9, L",A9L9
Tile PCB (TileBoard),26,TB,"Shape A, Row 9, R",A9R9
Tile PCB (TileBoard),26,TB,"Shape A, Row 9, F",A9F9
Tile PCB (TileBoard),26,TB,"Shape A, Row 10, L",A0L9
Tile PCB (TileBoard),26,TB,"Shape A, Row 10, R",A0R9
Tile PCB (TileBoard),26,TB,"Shape A, Row 10, F",A0F9
Tile PCB (TileBoard),26,TB,"Shape A, Row 11, L",A1L9
Tile PCB (TileBoard),26,TB,"Shape A, Row 11, R",A1R9
Tile PCB (TileBoard),26,TB,"Shape A, Row 11, F",A1F9
Tile PCB (TileBoard),26,TB,"Shape A, Row 12, L",A2L9
Tile PCB (TileBoard),26,TB,"Shape A, Row 12, R",A2R9
Tile PCB (TileBoard),26,TB,"Shape A, Row 12, F",A2F9
Tile PCB (TileBoard),26,TB,"Shape B, Row 3, L",B3L9
Tile PCB (TileBoard),26,TB,"Shape B, Row 3, R",B3R9
Tile PCB (TileBoard),26,TB,"Shape B, Row 3, F",B3F9
Tile PCB (TileBoard),26,TB,"Shape B, Row 4, L",B4L9
Tile PCB (TileBoard),26,TB,"Shape B, Row 4, R",B4R9
Tile PCB (TileBoard),26,TB,"Shape B, Row 4, F",B4F9
Tile PCB (TileBoard),26,TB,"Shape B, Row 5, L",B5L9
Tile PCB (TileBoard),26,TB,"Shape B, Row 5, R",B5R9
Tile PCB (TileBoard),26,TB,"Shape B, Row 5, F",B5F9
Tile PCB (TileBoard),26,TB,"Shape B, Row 6, L",B6L9
Tile PCB (TileBoard),26,TB,"Shape B, Row 6, R",B6R9
Tile PCB (TileBoard),26,TB,"Shape B, Row 6, F",B6F9
Tile PCB (TileBoard),26,TB,"Shape B, Row 7, L",B7L9
Tile PCB (TileBoard),26,TB,"Shape B, Row 7, R",B7R9
Tile PCB (TileBoard),26,TB,"Shape B, Row 7, F",B7F9
Tile PCB (TileBoard),26,TB,"Shape B, Row 8, L",B8L9
Tile PCB (TileBoard),26,TB,"Shape B, Row 8, R",B8R9
Tile PCB (TileBoard),26,TB,"Shape B, Row 8, F",B8F9
Tile PCB (TileBoard),26,TB,"Shape B, Row 9, L",B9L9
Tile PCB (TileBoard),26,TB,"Shape B, Row 9, R",B9R9
Tile PCB (TileBoard),26,TB,"Shape B, Row 9, F",B9F9
Tile PCB (TileBoard),26,TB,"Shape B, Row 10, L",B0L9
Tile PCB (TileBoard),26,TB,"Shape B, Row 10, R",B0R9
Tile PCB (TileBoard),26,TB,"Shape B, Row 10, F",B0F9
Tile PCB (TileBoard),26,TB,"Shape B, Row 11, L",B1L9
Tile PCB (TileBoard),26,TB,"Shape B, Row 11, R",B1R9
Tile PCB (TileBoard),26,TB,"Shape B, Row 11, F",B1F9
Tile PCB (TileBoard),26,TB,"Shape B, Row 12, L",B2L9
Tile PCB (TileBoard),26,TB,"Shape B, Row 12, R",B2R9
Tile PCB (TileBoard),26,TB,"Shape B, Row 12, F",B2F9
Tile PCB (TileBoard),26,TB,"Shape C, Row 3, L",C3L9
Tile PCB (TileBoard),26,TB,"Shape C, Row 3, R",C3R9
Tile PCB (TileBoard),26,TB,"Shape C, Row 3, F",C3F9
Tile PCB (TileBoard),26,TB,"Shape C, Row 4, L",C4L9
Tile PCB (TileBoard),26,TB,"Shape C, Row 4, R",C4R9
Tile PCB (TileBoard),26,TB,"Shape C, Row 4, F",C4F9
Tile PCB (TileBoard),26,TB,"Shape C, Row 5, L",C5L9
Tile PCB (TileBoard),26,TB,"Shape C, Row 5, R",C5R9
Tile PCB (TileBoard),26,TB,"Shape C, Row 5, F",C5F9
Tile PCB (TileBoard),26,TB,"Shape C, Row 6, L",C6L9
Tile PCB (TileBoard),26,TB,"Shape C, Row 6, R",C6R9
Tile PCB (TileBoard),26,TB,"Shape C, Row 6, F",C6F9
Tile PCB (TileBoard),26,TB,"Shape C, Row 7, L",C7L9
Tile PCB (TileBoard),26,TB,"Shape C, Row 7, R",C7R9
Tile PCB (TileBoard),26,TB,"Shape C, Row 7, F",C7F9
Tile PCB (TileBoard),26,TB,"Shape C, Row 8, L",C8L9
Tile PCB (TileBoard),26,TB,"Shape C, Row 8, R",C8R9
Tile PCB (TileBoard),26,TB,"Shape C, Row 8, F",C8F9
Tile PCB (TileBoard),26,TB,"Shape C, Row 9, L",C9L9
Tile PCB (TileBoard),26,TB,"Shape C, Row 9, R",C9R9
Tile PCB (TileBoard),26,TB,"Shape C, Row 9, F",C9F9
Tile PCB (TileBoard),26,TB,"Shape C, Row 10, L",C0L9
Tile PCB (TileBoard),26,TB,"Shape C, Row 10, R",C0R9
Tile PCB (TileBoard),26,TB,"Shape C, Row 10, F",C0F9
Tile PCB (TileBoard),26,TB,"Shape C, Row 11, L",C1L9
Tile PCB (TileBoard),26,TB,"Shape C, Row 11, R",C1R9
Tile PCB (TileBoard),26,TB,"Shape C, Row 11, F",C1F9
Tile PCB (TileBoard),26,TB,"Shape C, Row 12, L",C2L9
Tile PCB (TileBoard),26,TB,"Shape C, Row 12, R",C2R9
Tile PCB (TileBoard),26,TB,"Shape C, Row 12, F",C2F9
Tile PCB (TileBoard),26,TB,"Shape D, Row 3, L",D3L9
Tile PCB (TileBoard),26,TB,"Shape D, Row 3, R",D3R9
Tile PCB (TileBoard),26,TB,"Shape D, Row 3, F",D3F9
Tile PCB (TileBoard),26,TB,"Shape D, Row 4, L",D4L9
Tile PCB (TileBoard),26,TB,"Shape D, Row 4, R",D4R9
Tile PCB (TileBoard),26,TB,"Shape D, Row 4, F",D4F9
Tile PCB (TileBoard),26,TB,"Shape D, Row 5, L",D5L9
Tile PCB (TileBoard),26,TB,"Shape D, Row 5, R",D5R9
Tile PCB (TileBoard),26,TB,"Shape D, Row 5, F",D5F9
Tile PCB (TileBoard),26,TB,"Shape D, Row 6, L",D6L9
Tile PCB (TileBoard),26,TB,"Shape D, Row 6, R",D6R9
Tile PCB (TileBoard),26,TB,"Shape D, Row 6, F",D6F9
Tile PCB (TileBoard),26,TB,"Shape D, Row 7, L",D7L9
Tile PCB (TileBoard),26,TB,"Shape D, Row 7, R",D7R9
Tile PCB (TileBoard),26,TB,"Shape D, Row 7, F",D7F9
Tile PCB (TileBoard),26,TB,"Shape D, Row 8, L",D8L9
Tile PCB (TileBoard),26,TB,"Shape D, Row 8, R",D8R9
Tile PCB (TileBoard),26,TB,"Shape D, Row 8, F",D8F9
Tile PCB (TileBoard),26,TB,"Shape D, Row 9, L",D9L9
Tile PCB (TileBoard),26,TB,"Shape D, Row 9, R",D9R9
Tile PCB (TileBoard),26,TB,"Shape D, Row 9, F",D9F9
Tile PCB (TileBoard),26,TB,"Shape D, Row 10, L",D0L9
Tile PCB (TileBoard),26,TB,"Shape D, Row 10, R",D0R9
Tile PCB (TileBoard),26,TB,"Shape D, Row 10, F",D0F9
Tile PCB (TileBoard),26,TB,"Shape D, Row 11, L",D1L9
Tile PCB (TileBoard),26,TB,"Shape D, Row 11, R",D1R9
Tile PCB (TileBoard),26,TB,"Shape D, Row 11, F",D1F9
Tile PCB (TileBoard),26,TB,"Shape D, Row 12, L",D2L9
Tile PCB (TileBoard),26,TB,"Shape D, Row 12, R",D2R9
Tile PCB (TileBoard),26,TB,"Shape D, Row 12, F",D2F9
Tile PCB (TileBoard),26,TB,"Shape E, Row 3, L",E3L9
Tile PCB (TileBoard),26,TB,"Shape E, Row 3, R",E3R9
Tile PCB (TileBoard),26,TB,"Shape E, Row 3, F",E3F9
Tile PCB (TileBoard),26,TB,"Shape E, Row 4, L",E4L9
Tile PCB (TileBoard),26,TB,"Shape E, Row 4, R",E4R9
Tile PCB (TileBoard),26,TB,"Shape E, Row 4, F",E4F9
Tile PCB (TileBoard),26,TB,"Shape E, Row 5, L",E5L9
Tile PCB (TileBoard),26,TB,"Shape E, Row 5, R",E5R9
Tile PCB (TileBoard),26,TB,"Shape E, Row 5, F",E5F9
Tile PCB (TileBoard),26,TB,"Shape E, Row 6, L",E6L9
Tile PCB (TileBoard),26,TB,"Shape E, Row 6, R",E6R9
Tile PCB (TileBoard),26,TB,"Shape E, Row 6, F",E6F9
Tile PCB (TileBoard),26,TB,"Shape E, Row 7, L",E7L9
Tile PCB (TileBoard),26,TB,"Shape E, Row 7, R",E7R9
Tile PCB (TileBoard),26,TB,"Shape E, Row 7, F",E7F9
Tile PCB (TileBoard),26,TB,"Shape E, Row 8, L",E8L9
Tile PCB (TileBoard),26,TB,"Shape E, Row 8, R",E8R9
Tile PCB (TileBoard),26,TB,"Shape E, Row 8, F",E8F9
Tile PCB (TileBoard),26,TB,"Shape E, Row 9, L",E9L9
Tile PCB (TileBoard),26,TB,"Shape E, Row 9, R",E9R9
Tile PCB (TileBoard),26,TB,"Shape E, Row 9, F",E9F9
Tile PCB (TileBoard),26,TB,"Shape E, Row 10, L",E0L9
Tile PCB (TileBoard),26,TB,"Shape E, Row 10, R",E0R9
Tile PCB (TileBoard),26,TB,"Shape E, Row 10, F",E0F9
Tile PCB (TileBoard),26,TB,"Shape E, Row 11, L",E1L9
Tile PCB (TileBoard),26,TB,"Shape E, Row 11, R",E1R9
Tile PCB (TileBoard),26,TB,"Shape E, Row 11, F",E1F9
Tile PCB (TileBoard),26,TB,"Shape E, Row 12, L",E2L9
Tile PCB (TileBoard),26,TB,"Shape E, Row 12, R",E2R9
Tile PCB (TileBoard),26,TB,"Shape E, Row 12, F",E2F9
Tile PCB (TileBoard),26,TB,"Shape G, Row 3, L",G3L9
Tile PCB (TileBoard),26,TB,"Shape G, Row 3, R",G3R9
Tile PCB (TileBoard),26,TB,"Shape G, Row 3, F",G3F9
Tile PCB (TileBoard),26,TB,"Shape G, Row 4, L",G4L9
Tile PCB (TileBoard),26,TB,"Shape G, Row 4, R",G4R9
Tile PCB (TileBoard),26,TB,"Shape G, Row 4, F",G4F9
Tile PCB (TileBoard),26,TB,"Shape G, Row 5, L",G5L9
Tile PCB (TileBoard),26,TB,"Shape G, Row 5, R",G5R9
Tile PCB (TileBoard),26,TB,"Shape G, Row 5, F",G5F9
Tile PCB (TileBoard),26,TB,"Shape G, Row 6, L",G6L9
Tile PCB (TileBoard),26,TB,"Shape G, Row 6, R",G6R9
Tile PCB (TileBoard),26,TB,"Shape G, Row 6, F",G6F9
Tile PCB (TileBoard),26,TB,"Shape G, Row 7, L",G7L9
Tile PCB (TileBoard),26,TB,"Shape G, Row 7, R",G7R9
Tile PCB (TileBoard),26,TB,"Shape G, Row 7, F",G7F9
Tile PCB (TileBoard),26,TB,"Shape G, Row 8, L",G8L9
Tile PCB (TileBoard),26,TB,"Shape G, Row 8, R",G8R9
Tile PCB (TileBoard),26,TB,"Shape G, Row 8, F",G8F9
Tile PCB (TileBoard),26,TB,"Shape G, Row 9, L",G9L9
Tile PCB (TileBoard),26,TB,"Shape G, Row 9, R",G9R9
Tile PCB (TileBoard),26,TB,"Shape G, Row 9, F",G9F9
Tile PCB (TileBoard),26,TB,"Shape G, Row 10, L",G0L9
Tile PCB (TileBoard),26,TB,"Shape G, Row 10, R",G0R9
Tile PCB (TileBoard),26,TB,"Shape G, Row 10, F",G0F9
Tile PCB (TileBoard),26,TB,"Shape G, Row 11, L",G1L9
Tile PCB (TileBoard),26,TB,"Shape G, Row 11, R",G1R9
Tile PCB (TileBoard),26,TB,"Shape G, Row 11, F",G1F9
Tile PCB (TileBoard),26,TB,"Shape G, Row 12, L",G2L9
Tile PCB (TileBoard),26,TB,"Shape G, Row 12, R",G2R9
Tile PCB (TileBoard),26,TB,"Shape G, Row 12, F",G2F9
Tile PCB (TileBoard),26,TB,"Shape J, Row 3, L",J3L9
Tile PCB (TileBoard),26,TB,"Shape J, Row 3, R",J3R9
Tile PCB (TileBoard),26,TB,"Shape J, Row 3, F",J3F9
Tile PCB (TileBoard),26,TB,"Shape J, Row 4, L",J4L9
Tile PCB (TileBoard),26,TB,"Shape J, Row 4, R",J4R9
Tile PCB (TileBoard),26,TB,"Shape J, Row 4, F",J4F9
Tile PCB (TileBoard),26,TB,"Shape J, Row 5, L",J5L9
Tile PCB (TileBoard),26,TB,"Shape J, Row 5, R",J5R9
Tile PCB (TileBoard),26,TB,"Shape J, Row 5, F",J5F9
Tile PCB (TileBoard),26,TB,"Shape J, Row 6, L",J6L9
Tile PCB (TileBoard),26,TB,"Shape J, Row 6, R",J6R9
Tile PCB (TileBoard),26,TB,"Shape J, Row 6, F",J6F9
Tile PCB (TileBoard),26,TB,"Shape J, Row 7, L",J7L9
Tile PCB (TileBoard),26,TB,"Shape J, Row 7, R",J7R9
Tile PCB (TileBoard),26,TB,"Shape J, Row 7, F",J7F9
Tile PCB (TileBoard),26,TB,"Shape J, Row 8, L",J8L9
Tile PCB (TileBoard),26,TB,"Shape J, Row 8, R",J8R9
Tile PCB (TileBoard),26,TB,"Shape J, Row 8, F",J8F9
Tile PCB (TileBoard),26,TB,"Shape J, Row 9, L",J9L9
Tile PCB (TileBoard),26,TB,"Shape J, Row 9, R",J9R9
Tile PCB (TileBoard),26,TB,"Shape J, Row 9, F",J9F9
Tile PCB (TileBoard),26,TB,"Shape J, Row 10, L",J0L9
Tile PCB (TileBoard),26,TB,"Shape J, Row 10, R",J0R9
Tile PCB (TileBoard),26,TB,"Shape J, Row 10, F",J0F9
Tile PCB (TileBoard),26,TB,"Shape J, Row 11, L",J1L9
Tile PCB (TileBoard),26,TB,"Shape J, Row 11, R",J1R9
Tile PCB (TileBoard),26,TB,"Shape J, Row 11, F",J1F9
Tile PCB (TileBoard),26,TB,"Shape J, Row 12, L",J2L9
Tile PCB (TileBoard),26,TB,"Shape J, Row 12, R",J2R9
Tile PCB (TileBoard),26,TB,"Shape J, Row 12, F",J2F9
Tile PCB (TileBoard),26,TB,"Shape K, Row 3, L",K3L9
Tile PCB (TileBoard),26,TB,"Shape K, Row 3, R",K3R9
Tile PCB (TileBoard),26,TB,"Shape K, Row 3, F",K3F9
Tile PCB (TileBoard),26,TB,"Shape K, Row 4, L",K4L9
Tile PCB (TileBoard),26,TB,"Shape K, Row 4, R",K4R9
Tile PCB (TileBoard),26,TB,"Shape K, Row 4, F",K4F9
Tile PCB (TileBoard),26,TB,"Shape K, Row 5, L",K5L9
Tile PCB (TileBoard),26,TB,"Shape K, Row 5, R",K5R9
Tile PCB (TileBoard),26,TB,"Shape K, Row 5, F",K5F9
Tile PCB (TileBoard),26,TB,"Shape K, Row 6, L",K6L9
Tile PCB (TileBoard),26,TB,"Shape K, Row 6, R",K6R9
Tile PCB (TileBoard),26,TB,"Shape K, Row 6, F",K6F9
Tile PCB (TileBoard),26,TB,"Shape K, Row 7, L",K7L9
Tile PCB (TileBoard),26,TB,"Shape K, Row 7, R",K7R9
Tile PCB (TileBoard),26,TB,"Shape K, Row 7, F",K7F9
Tile PCB (TileBoard),26,TB,"Shape K, Row 8, L",K8L9
Tile PCB (TileBoard),26,TB,"Shape K, Row 8, R",K8R9
Tile PCB (TileBoard),26,TB,"Shape K, Row 8, F",K8F9
Tile PCB (TileBoard),26,TB,"Shape K, Row 9, L",K9L9
Tile PCB (TileBoard),26,TB,"Shape K, Row 9, R",K9R9
Tile PCB (TileBoard),26,TB,"Shape K, Row 9, F",K9F9
Tile PCB (TileBoard),26,TB,"Shape K, Row 10, L",K0L9
Tile PCB (TileBoard),26,TB,"Shape K, Row 10, R",K0R9
Tile PCB (TileBoard),26,TB,"Shape K, Row 10, F",K0F9
Tile PCB (TileBoard),26,TB,"Shape K, Row 11, L",K1L9
Tile PCB (TileBoard),26,TB,"Shape K, Row 11, R",K1R9
Tile PCB (TileBoard),26,TB,"Shape K, Row 11, F",K1F9
Tile PCB (TileBoard),26,TB,"Shape K, Row 12, L",K2L9
Tile PCB (TileBoard),26,TB,"Shape K, Row 12, R",K2R9
Tile PCB (TileBoard),26,TB,"Shape K, Row 12, F",K2F9
Tile Module,27,TM,"Shape A, Row 3, L, Material C",A3LC
Tile Module,27,TM,"Shape A, Row 3, L, Material M",A3LM
Tile Module,27,TM,"Shape A, Row 3, R, Material C",A3RC
Tile Module,27,TM,"Shape A, Row 3, R, Material M",A3RM
Tile Module,27,TM,"Shape A, Row 3, F, Material C",A3FC
Tile Module,27,TM,"Shape A, Row 3, F, Material M",A3FM
Tile Module,27,TM,"Shape A, Row 4, L, Material C",A4LC
Tile Module,27,TM,"Shape A, Row 4, L, Material M",A4LM
Tile Module,27,TM,"Shape A, Row 4, R, Material C",A4RC
Tile Module,27,TM,"Shape A, Row 4, R, Material M",A4RM
Tile Module,27,TM,"Shape A, Row 4, F, Material C",A4FC
Tile Module,27,TM,"Shape A, Row 4, F, Material M",A4FM
Tile Module,27,TM,"Shape A, Row 5, L, Material C",A5LC
Tile Module,27,TM,"Shape A, Row 5, L, Material M",A5LM
Tile Module,27,TM,"Shape A, Row 5, R, Material C",A5RC
Tile Module,27,TM,"Shape A, Row 5, R, Material M",A5RM
Tile Module,27,TM,"Shape A, Row 5, F, Material C",A5FC
Tile Module,27,TM,"Shape A, Row 5, F, Material M",A5FM
Tile Module,27,TM,"Shape A, Row 6, L, Material C",A6LC
Tile Module,27,TM,"Shape A, Row 6, L, Material M",A6LM
Tile Module,27,TM,"Shape A, Row 6, R, Material C",A6RC
Tile Module,27,TM,"Shape A, Row 6, R, Material M",A6RM
Tile Module,27,TM,"Shape A, Row 6, F, Material C",A6FC
Tile Module,27,TM,"Shape A, Row 6, F, Material M",A6FM
Tile Module,27,TM,"Shape A, Row 7, L, Material C",A7LC
Tile Module,27,TM,"Shape A, Row 7, L, Material M",A7LM
Tile Module,27,TM,"Shape A, Row 7, R, Material C",A7RC
Tile Module,27,TM,"Shape A, Row 7, R, Material M",A7RM
Tile Module,27,TM,"Shape A, Row 7, F, Material C",A7FC
Tile Module,27,TM,"Shape A, Row 7, F, Material M",A7FM
Tile Module,27,TM,"Shape A, Row 8, L, Material C",A8LC
Tile Module,27,TM,"Shape A, Row 8, L, Material M",A8LM
Tile Module,27,TM,"Shape A, Row 8, R, Material C",A8RC
Tile Module,27,TM,"Shape A, Row 8, R, Material M",A8RM
Tile Module,27,TM,"Shape A, Row 8, F, Material C",A8FC
Tile Module,27,TM,"Shape A, Row 8, F, Material M",A8FM
Tile Module,27,TM,"Shape A, Row 9, L, Material C",A9LC
Tile Module,27,TM,"Shape A, Row 9, L, Material M",A9LM
Tile Module,27,TM,"Shape A, Row 9, R, Material C",A9RC
Tile Module,27,TM,"Shape A, Row 9, R, Material M",A9RM
Tile Module,27,TM,"Shape A, Row 9, F, Material C",A9FC
Tile Module,27,TM,"Shape A, Row 9, F, Material M",A9FM
Tile Module,27,TM,"Shape A, Row 10, L, Material C",A0LC
Tile Module,27,TM,"Shape A, Row 10, L, Material M",A0LM
Tile Module,27,TM,"Shape A, Row 10, R, Material C",A0RC
Tile Module,27,TM,"Shape A, Row 10, R, Material M",A0RM
Tile Module,27,TM,"Shape A, Row 10, F, Material C",A0FC
Tile Module,27,TM,"Shape A, Row 10, F, Material M",A0FM
Tile Module,27,TM,"Shape A, Row 11, L, Material C",A1LC
Tile Module,27,TM,"Shape A, Row 11, L, Material M",A1LM
Tile Module,27,TM,"Shape A, Row 11, R, Material C",A1RC
Tile Module,27,TM,"Shape A, Row 11, R, Material M",A1RM
Tile Module,27,TM,"Shape A, Row 11, F, Material C",A1FC
Tile Module,27,TM,"Shape A, Row 11, F, Material M",A1FM
Tile Module,27,TM,"Shape A, Row 12, L, Material C",A2LC
Tile Module,27,TM,"Shape A, Row 12, L, Material M",A2LM
Tile Module,27,TM,"Shape A, Row 12, R, Material C",A2RC
Tile Module,27,TM,"Shape A, Row 12, R, Material M",A2RM
Tile Module,27,TM,"Shape A, Row 12, F, Material C",A2FC
Tile Module,27,TM,"Shape A, Row 12, F, Material M",A2FM
Tile Module,27,TM,"Shape B, Row 3, L, Material C",B3LC
Tile Module,27,TM,"Shape B, Row 3, L, Material M",B3LM
Tile Module,27,TM,"Shape B, Row 3, R, Material C",B3RC
Tile Module,27,TM,"Shape B, Row 3, R, Material M",B3RM
Tile Module,27,TM,"Shape B, Row 3, F, Material C",B3FC
Tile Module,27,TM,"Shape B, Row 3, F, Material M",B3FM
Tile Module,27,TM,"Shape B, Row 4, L, Material C",B4LC
Tile Module,27,TM,"Shape B, Row 4, L, Material M",B4LM
Tile Module,27,TM,"Shape B, Row 4, R, Material C",B4RC
Tile Module,27,TM,"Shape B, Row 4, R, Material M",B4RM
Tile Module,27,TM,"Shape B, Row 4, F, Material C",B4FC
Tile Module,27,TM,"Shape B, Row 4, F, Material M",B4FM
Tile Module,27,TM,"Shape B, Row 5, L, Material C",B5LC
Tile Module,27,TM,"Shape B, Row 5, L, Material M",B5LM
Tile Module,27,TM,"Shape B, Row 5, R, Material C",B5RC
Tile Module,27,TM,"Shape B, Row 5, R, Material M",B5RM
Tile Module,27,TM,"Shape B, Row 5, F, Material C",B5FC
Tile Module,27,TM,"Shape B, Row 5, F, Material M",B5FM
Tile Module,27,TM,"Shape B, Row 6, L, Material C",B6LC
Tile Module,27,TM,"Shape B, Row 6, L, Material M",B6LM
Tile Module,27,TM,"Shape B, Row 6, R, Material C",B6RC
Tile Module,27,TM,"Shape B, Row 6, R, Material M",B6RM
Tile Module,27,TM,"Shape B, Row 6, F, Material C",B6FC
Tile Module,27,TM,"Shape B, Row 6, F, Material M",B6FM
Tile Module,27,TM,"Shape B, Row 7, L, Material C",B7LC
Tile Module,27,TM,"Shape B, Row 7, L, Material M",B7LM
Tile Module,27,TM,"Shape B, Row 7, R, Material C",B7RC
Tile Module,27,TM,"Shape B, Row 7, R, Material M",B7RM
Tile Module,27,TM,"Shape B, Row 7, F, Material C",B7FC
Tile Module,27,TM,"Shape B, Row 7, F, Material M",B7FM
Tile Module,27,TM,"Shape B, Row 8, L, Material C",B8LC
Tile Module,27,TM,"Shape B, Row 8, L, Material M",B8LM
Tile Module,27,TM,"Shape B, Row 8, R, Material C",B8RC
Tile Module,27,TM,"Shape B, Row 8, R, Material M",B8RM
Tile Module,27,TM,"Shape B, Row 8, F, Material C",B8FC
Tile Module,27,TM,"Shape B, Row 8, F, Material M",B8FM
Tile Module,27,TM,"Shape B, Row 9, L, Material C",B9LC
Tile Module,27,TM,"Shape B, Row 9, L, Material M",B9LM
Tile Module,27,TM,"Shape B, Row 9, R, Material C",B9RC
Tile Module,27,TM,"Shape B, Row 9, R, Material M",B9RM
Tile Module,27,TM,"Shape B, Row 9, F, Material C",B9FC
Tile Module,27,TM,"Shape B, Row 9, F, Material M",B9FM
Tile Module,27,TM,"Shape B, Row 10, L, Material C",B0LC
Tile Module,27,TM,"Shape B, Row 10, L, Material M",B0LM
Tile Module,27,TM,"Shape B, Row 10, R, Material C",B0RC
Tile Module,27,TM,"Shape B, Row 10, R, Material M",B0RM
Tile Module,27,TM,"Shape B, Row 10, F, Material C",B0FC
Tile Module,27,TM,"Shape B, Row 10, F, Material M",B0FM
Tile Module,27,TM,"Shape B, Row 11, L, Material C",B1LC
Tile Module,27,TM,"Shape B, Row 11, L, Material M",B1LM
Tile Module,27,TM,"Shape B, Row 11, R, Material C",B1RC
Tile Module,27,TM,"Shape B, Row 11, R, Material M",B1RM
Tile Module,27,TM,"Shape B, Row 11, F, Material C",B1FC
Tile Module,27,TM,"Shape B, Row 11, F, Material M",B1FM
Tile Module,27,TM,"Shape B, Row 12, L, Material C",B2LC
Tile Module,27,TM,"Shape B, Row 12, L, Material M",B2LM
Tile Module,27,TM,"Shape B, Row 12, R, Material C",B2RC
Tile Module,27,TM,"Shape B, Row 12, R, Material M",B2RM
Tile Module,27,TM,"Shape B, Row 12, F, Material C",B2FC
Tile Module,27,TM,"Shape B, Row 12, F, Material M",B2FM
Tile Module,27,TM,"Shape C, Row 3, L, Material C",C3LC
Tile Module,27,TM,"Shape C, Row 3, L, Material M",C3LM
Tile Module,27,TM,"Shape C, Row 3, R, Material C",C3RC
Tile Module,27,TM,"Shape C, Row 3, R, Material M",C3RM
Tile Module,27,TM,"Shape C, Row 3, F, Material C",C3FC
Tile Module,27,TM,"Shape C, Row 3, F, Material M",C3FM
Tile Module,27,TM,"Shape C, Row 4, L, Material C",C4LC
Tile Module,27,TM,"Shape C, Row 4, L, Material M",C4LM
Tile Module,27,TM,"Shape C, Row 4, R, Material C",C4RC
Tile Module,27,TM,"Shape C, Row 4, R, Material M",C4RM
Tile Module,27,TM,"Shape C, Row 4, F, Material C",C4FC
Tile Module,27,TM,"Shape C, Row 4, F, Material M",C4FM
Tile Module,27,TM,"Shape C, Row 5, L, Material C",C5LC
Tile Module,27,TM,"Shape C, Row 5, L, Material M",C5LM
Tile Module,27,TM,"Shape C, Row 5, R, Material C",C5RC
Tile Module,27,TM,"Shape C, Row 5, R, Material M",C5RM
Tile Module,27,TM,"Shape C, Row 5, F, Material C",C5FC
Tile Module,27,TM,"Shape C, Row 5, F, Material M",C5FM
Tile Module,27,TM,"Shape C, Row 6, L, Material C",C6LC
Tile Module,27,TM,"Shape C, Row 6, L, Material M",C6LM
Tile Module,27,TM,"Shape C, Row 6, R, Material C",C6RC
Tile Module,27,TM,"Shape C, Row 6, R, Material M",C6RM
Tile Module,27,TM,"Shape C, Row 6, F, Material C",C6FC
Tile Module,27,TM,"Shape C, Row 6, F, Material M",C6FM
Tile Module,27,TM,"Shape C, Row 7, L, Material C",C7LC
Tile Module,27,TM,"Shape C, Row 7, L, Material M",C7LM
Tile Module,27,TM,"Shape C, Row 7, R, Material C",C7RC
Tile Module,27,TM,"Shape C, Row 7, R, Material M",C7RM
Tile Module,27,TM,"Shape C, Row 7, F, Material C",C7FC
Tile Module,27,TM,"Shape C, Row 7, F, Material M",C7FM
Tile Module,27,TM,"Shape C, Row 8, L, Material C",C8LC
Tile Module,27,TM,"Shape C, Row 8, L, Material M",C8LM
Tile Module,27,TM,"Shape C, Row 8, R, Material C",C8RC
Tile Module,27,TM,"Shape C, Row 8, R, Material M",C8RM
Tile Module,27,TM,"Shape C, Row 8, F, Material C",C8FC
Tile Module,27,TM,"Shape C, Row 8, F, Material M",C8FM
Tile Module,27,TM,"Shape C, Row 9, L, Material C",C9LC
Tile Module,27,TM,"Shape C, Row 9, L, Material M",C9LM
Tile Module,27,TM,"Shape C, Row 9, R, Material C",C9RC
Tile Module,27,TM,"Shape C, Row 9, R, Material M",C9RM
Tile Module,27,TM,"Shape C, Row 9, F, Material C",C9FC
Tile Module,27,TM,"Shape C, Row 9, F, Material M",C9FM
Tile Module,27,TM,"Shape C, Row 10, L, Material C",C0LC
Tile Module,27,TM,"Shape C, Row 10, L, Material M",C0LM
Tile Module,27,TM,"Shape C, Row 10, R, Material C",C0RC
Tile Module,27,TM,"Shape C, Row 10, R, Material M",C0RM
Tile Module,27,TM,"Shape C, Row 10, F, Material C",C0FC
Tile Module,27,TM,"Shape C, Row 10, F, Material M",C0FM
Tile Module,27,TM,"Shape C, Row 11, L, Material C",C1LC
Tile Module,27,TM,"Shape C, Row 11, L, Material M",C1LM
Tile Module,27,TM,"Shape C, Row 11, R, Material C",C1RC
Tile Module,27,TM,"Shape C, Row 11, R, Material M",C1RM
Tile Module,27,TM,"Shape C, Row 11, F, Material C",C1FC
Tile Module,27,TM,"Shape C, Row 11, F, Material M",C1FM
Tile Module,27,TM,"Shape C, Row 12, L, Material C",C2LC
Tile Module,27,TM,"Shape C, Row 12, L, Material M",C2LM
Tile Module,27,TM,"Shape C, Row 12, R, Material C",C2RC
Tile Module,27,TM,"Shape C, Row 12, R, Material M",C2RM
Tile Module,27,TM,"Shape C, Row 12, F, Material C",C2FC
Tile Module,27,TM,"Shape C, Row 12, F, Material M",C2FM
Tile Module,27,TM,"Shape D, Row 3, L, Material C",D3LC
Tile Module,27,TM,"Shape D, Row 3, L, Material M",D3LM
Tile Module,27,TM,"Shape D, Row 3, R, Material C",D3RC
Tile Module,27,TM,"Shape D, Row 3, R, Material M",D3RM
Tile Module,27,TM,"Shape D, Row 3, F, Material C",D3FC
Tile Module,27,TM,"Shape D, Row 3, F, Material M",D3FM
Tile Module,27,TM,"Shape D, Row 4, L, Material C",D4LC
Tile Module,27,TM,"Shape D, Row 4, L, Material M",D4LM
Tile Module,27,TM,"Shape D, Row 4, R, Material C",D4RC
Tile Module,27,TM,"Shape D, Row 4, R, Material M",D4RM
Tile Module,27,TM,"Shape D, Row 4, F, Material C",D4FC
Tile Module,27,TM,"Shape D, Row 4, F, Material M",D4FM
Tile Module,27,TM,"Shape D, Row 5, L, Material C",D5LC
Tile Module,27,TM,"Shape D, Row 5, L, Material M",D5LM
Tile Module,27,TM,"Shape D, Row 5, R, Material C",D5RC
Tile Module,27,TM,"Shape D, Row 5, R, Material M",D5RM
Tile Module,27,TM,"Shape D, Row 5, F, Material C",D5FC
Tile Module,27,TM,"Shape D, Row 5, F, Material M",D5FM
Tile Module,27,TM,"Shape D, Row 6, L, Material C",D6LC
Tile Module,27,TM,"Shape D, Row 6, L, Material M",D6LM
Tile Module,27,TM,"Shape D, Row 6, R, Material C",D6RC
Tile Module,27,TM,"Shape D, Row 6, R, Material M",D6RM
Tile Module,27,TM,"Shape D, Row 6, F, Material C",D6FC
Tile Module,27,TM,"Shape D, Row 6, F, Material M",D6FM
Tile Module,27,TM,"Shape D, Row 7, L, Material C",D7LC
Tile Module,27,TM,"Shape D, Row 7, L, Material M",D7LM
Tile Module,27,TM,"Shape D, Row 7, R, Material C",D7RC
Tile Module,27,TM,"Shape D, Row 7, R, Material M",D7RM
Tile Module,27,TM,"Shape D, Row 7, F, Material C",D7FC
Tile Module,27,TM,"Shape D, Row 7, F, Material M",D7FM
Tile Module,27,TM,"Shape D, Row 8, L, Material C",D8LC
Tile Module,27,TM,"Shape D, Row 8, L, Material M",D8LM
Tile Module,27,TM,"Shape D, Row 8, R, Material C",D8RC
Tile Module,27,TM,"Shape D, Row 8, R, Material M",D8RM
Tile Module,27,TM,"Shape D, Row 8, F, Material C",D8FC
Tile Module,27,TM,"Shape D, Row 8, F, Material M",D8FM
Tile Module,27,TM,"Shape D, Row 9, L, Material C",D9LC
Tile Module,27,TM,"Shape D, Row 9, L, Material M",D9LM
Tile Module,27,TM,"Shape D, Row 9, R, Material C",D9RC
Tile Module,27,TM,"Shape D, Row 9, R, Material M",D9RM
Tile Module,27,TM,"Shape D, Row 9, F, Material C",D9FC
Tile Module,27,TM,"Shape D, Row 9, F, Material M",D9FM
Tile Module,27,TM,"Shape D, Row 10, L, Material C",D0LC
Tile Module,27,TM,"Shape D, Row 10, L, Material M",D0LM
Tile Module,27,TM,"Shape D, Row 10, R, Material C",D0RC
Tile Module,27,TM,"Shape D, Row 10, R, Material M",D0RM
Tile Module,27,TM,"Shape D, Row 10, F, Material C",D0FC
Tile Module,27,TM,"Shape D, Row 10, F, Material M",D0FM
Tile Module,27,TM,"Shape D, Row 11, L, Material C",D1LC
Tile Module,27,TM,"Shape D, Row 11, L, Material M",D1LM
Tile Module,27,TM,"Shape D, Row 11, R, Material C",D1RC
Tile Module,27,TM,"Shape D, Row 11, R, Material M",D1RM
Tile Module,27,TM,"Shape D, Row 11, F, Material C",D1FC
Tile Module,27,TM,"Shape D, Row 11, F, Material M",D1FM
Tile Module,27,TM,"Shape D, Row 12, L, Material C",D2LC
Tile Module,27,TM,"Shape D, Row 12, L, Material M",D2LM
Tile Module,27,TM,"Shape D, Row 12, R, Material C",D2RC
Tile Module,27,TM,"Shape D, Row 12, R, Material M",D2RM
Tile Module,27,TM,"Shape D, Row 12, F, Material C",D2FC
Tile Module,27,TM,"Shape D, Row 12, F, Material M",D2FM
Tile Module,27,TM,"Shape E, Row 3, L, Material C",E3LC
Tile Module,27,TM,"Shape E, Row 3, L, Material M",E3LM
Tile Module,27,TM,"Shape E, Row 3, R, Material C",E3RC
Tile Module,27,TM,"Shape E, Row 3, R, Material M",E3RM
Tile Module,27,TM,"Shape E, Row 3, F, Material C",E3FC
Tile Module,27,TM,"Shape E, Row 3, F, Material M",E3FM
Tile Module,27,TM,"Shape E, Row 4, L, Material C",E4LC
Tile Module,27,TM,"Shape E, Row 4, L, Material M",E4LM
Tile Module,27,TM,"Shape E, Row 4, R, Material C",E4RC
Tile Module,27,TM,"Shape E, Row 4, R, Material M",E4RM
Tile Module,27,TM,"Shape E, Row 4, F, Material C",E4FC
Tile Module,27,TM,"Shape E, Row 4, F, Material M",E4FM
Tile Module,27,TM,"Shape E, Row 5, L, Material C",E5LC
Tile Module,27,TM,"Shape E, Row 5, L, Material M",E5LM
Tile Module,27,TM,"Shape E, Row 5, R, Material C",E5RC
Tile Module,27,TM,"Shape E, Row 5, R, Material M",E5RM
Tile Module,27,TM,"Shape E, Row 5, F, Material C",E5FC
Tile Module,27,TM,"Shape E, Row 5, F, Material M",E5FM
Tile Module,27,TM,"Shape E, Row 6, L, Material C",E6LC
Tile Module,27,TM,"Shape E, Row 6, L, Material M",E6LM
Tile Module,27,TM,"Shape E, Row 6, R, Material C",E6RC
Tile Module,27,TM,"Shape E, Row 6, R, Material M",E6RM
Tile Module,27,TM,"Shape E, Row 6, F, Material C",E6FC
Tile Module,27,TM,"Shape E, Row 6, F, Material M",E6FM
Tile Module,27,TM,"Shape E, Row 7, L, Material C",E7LC
Tile Module,27,TM,"Shape E, Row 7, L, Material M",E7LM
Tile Module,27,TM,"Shape E, Row 7, R, Material C",E7RC
Tile Module,27,TM,"Shape E, Row 7, R, Material M",E7RM
Tile Module,27,TM,"Shape E, Row 7, F, Material C",E7FC
Tile Module,27,TM,"Shape E, Row 7, F, Material M",E7FM
Tile Module,27,TM,"Shape E, Row 8, L, Material C",E8LC
Tile Module,27,TM,"Shape E, Row 8, L, Material M",E8LM
Tile Module,27,TM,"Shape E, Row 8, R, Material C",E8RC
Tile Module,27,TM,"Shape E, Row 8, R, Material M",E8RM
Tile Module,27,TM,"Shape E, Row 8, F, Material C",E8FC
Tile Module,27,TM,"Shape E, Row 8, F, Material M",E8FM
Tile Module,27,TM,"Shape E, Row 9, L, Material C",E9LC
Tile Module,27,TM,"Shape E, Row 9, L, Material M",E9LM
Tile Module,27,TM,"Shape E, Row 9, R, Material C",E9RC
Tile Module,27,TM,"Shape E, Row 9, R, Material M",E9RM
Tile Module,27,TM,"Shape E, Row 9, F, Material C",E9FC
Tile Module,27,TM,"Shape E, Row 9, F, Material M",E9FM
Tile Module,27,TM,"Shape E, Row 10, L, Material C",E0LC
Tile Module,27,TM,"Shape E, Row 10, L, Material M",E0LM
Tile Module,27,TM,"Shape E, Row 10, R, Material C",E0RC
Tile Module,27,TM,"Shape E, Row 10, R, Material M",E0RM
Tile Module,27,TM,"Shape E, Row 10, F, Material C",E0FC
Tile Module,27,TM,"Shape E, Row 10, F, Material M",E0FM
Tile Module,27,TM,"Shape E, Row 11, L, Material C",E1LC
Tile Module,27,TM,"Shape E, Row 11, L, Material M",E1LM
Tile Module,27,TM,"Shape E, Row 11, R, Material C",E1RC
Tile Module,27,TM,"Shape E, Row 11, R, Material M",E1RM
Tile Module,27,TM,"Shape E, Row 11, F, Material C",E1FC
Tile Module,27,TM,"Shape E, Row 11, F, Material M",E1FM
Tile Module,27,TM,"Shape E, Row 12, L, Material C",E2LC
Tile Module,27,TM,"Shape E, Row 12, L, Material M",E2LM
Tile Module,27,TM,"Shape E, Row 12, R, Material C",E2RC
Tile Module,27,TM,"Shape E, Row 12, R, Material M",E2RM
Tile Module,27,TM,"Shape E, Row 12, F, Material C",E2FC
Tile Module,27,TM,"Shape E, Row 12, F, Material M",E2FM
Tile Module,27,TM,"Shape G, Row 3, L, Material C",G3LC
Tile Module,27,TM,"Shape G, Row 3, L, Material M",G3LM
Tile Module,27,TM,"Shape G, Row 3, R, Material C",G3RC
Tile Module,27,TM,"Shape G, Row 3, R, Material M",G3RM
Tile Module,27,TM,"Shape G, Row 3, F, Material C",G3FC
Tile Module,27,TM,"Shape G, Row 3, F, Material M",G3FM
Tile Module,27,TM,"Shape G, Row 4, L, Material C",G4LC
Tile Module,27,TM,"Shape G, Row 4, L, Material M",G4LM
Tile Module,27,TM,"Shape G, Row 4, R, Material C",G4RC
Tile Module,27,TM,"Shape G, Row 4, R, Material M",G4RM
Tile Module,27,TM,"Shape G, Row 4, F, Material C",G4FC
Tile Module,27,TM,"Shape G, Row 4, F, Material M",G4FM
Tile Module,27,TM,"Shape G, Row 5, L, Material C",G5LC
Tile Module,27,TM,"Shape G, Row 5, L, Material M",G5LM
Tile Module,27,TM,"Shape G, Row 5, R, Material C",G5RC
Tile Module,27,TM,"Shape G, Row 5, R, Material M",G5RM
Tile Module,27,TM,"Shape G, Row 5, F, Material C",G5FC
Tile Module,27,TM,"Shape G, Row 5, F, Material M",G5FM
Tile Module,27,TM,"Shape G, Row 6, L, Material C",G6LC
Tile Module,27,TM,"Shape G, Row 6, L, Material M",G6LM
Tile Module,27,TM,"Shape G, Row 6, R, Material C",G6RC
Tile Module,27,TM,"Shape G, Row 6, R, Material M",G6RM
Tile Module,27,TM,"Shape G, Row 6, F, Material C",G6FC
Tile Module,27,TM,"Shape G, Row 6, F, Material M",G6FM
Tile Module,27,TM,"Shape G, Row 7, L, Material C",G7LC
Tile Module,27,TM,"Shape G, Row 7, L, Material M",G7LM
Tile Module,27,TM,"Shape G, Row 7, R, Material C",G7RC
Tile Module,27,TM,"Shape G, Row 7, R, Material M",G7RM
Tile Module,27,TM,"Shape G, Row 7, F, Material C",G7FC
Tile Module,27,TM,"Shape G, Row 7, F, Material M",G7FM
Tile Module,27,TM,"Shape G, Row 8, L, Material C",G8LC
Tile Module,27,TM,"Shape G, Row 8, L, Material M",G8LM
Tile Module,27,TM,"Shape G, Row 8, R, Material C",G8RC
Tile Module,27,TM,"Shape G, Row 8, R, Material M",G8RM
Tile Module,27,TM,"Shape G, Row 8, F, Material C",G8FC
Tile Module,27,TM,"Shape G, Row 8, F, Material M",G8FM
Tile Module,27,TM,"Shape G, Row 9, L, Material C",G9LC
Tile Module,27,TM,"Shape G, Row 9, L, Material M",G9LM
Tile Module,27,TM,"Shape G, Row 9, R, Material C",G9RC
Tile Module,27,TM,"Shape G, Row 9, R, Material M",G9RM
Tile Module,27,TM,"Shape G, Row 9, F, Material C",G9FC
Tile Module,27,TM,"Shape G, Row 9, F, Material M",G9FM
Tile Module,27,TM,"Shape G, Row 10, L, Material C",G0LC
Tile Module,27,TM,"Shape G, Row 10, L, Material M",G0LM
Tile Module,27,TM,"Shape G, Row 10, R, Material C",G0RC
Tile Module,27,TM,"Shape G, Row 10, R, Material M",G0RM
Tile Module,27,TM,"Shape G, Row 10, F, Material C",G0FC
Tile Module,27,TM,"Shape G, Row 10, F, Material M",G0FM
Tile Module,27,TM,"Shape G, Row 11, L, Material C",G1LC
Tile Module,27,TM,"Shape G, Row 11, L, Material M",G1LM
Tile Module,27,TM,"Shape G, Row 11, R, Material C",G1RC
Tile Module,27,TM,"Shape G, Row 11, R, Material M",G1RM
Tile Module,27,TM,"Shape G, Row 11, F, Material C",G1FC
Tile Module,27,TM,"Shape G, Row 11, F, Material M",G1FM
Tile Module,27,TM,"Shape G, Row 12, L, Material C",G2LC
Tile Module,27,TM,"Shape G, Row 12, L, Material M",G2LM
Tile Module,27,TM,"Shape G, Row 12, R, Material C",G2RC
Tile Module,27,TM,"Shape G, Row 12, R, Material M",G2RM
Tile Module,27,TM,"Shape G, Row 12, F, Material C",G2FC
Tile Module,27,TM,"Shape G, Row 12, F, Material M",G2FM
Tile Module,27,TM,"Shape J, Row 3, L, Material C",J3LC
Tile Module,27,TM,"Shape J, Row 3, L, Material M",J3LM
Tile Module,27,TM,"Shape J, Row 3, R, Material C",J3RC
Tile Module,27,TM,"Shape J, Row 3, R, Material M",J3RM
Tile Module,27,TM,"Shape J, Row 3, F, Material C",J3FC
Tile Module,27,TM,"Shape J, Row 3, F, Material M",J3FM
Tile Module,27,TM,"Shape J, Row 4, L, Material C",J4LC
Tile Module,27,TM,"Shape J, Row 4, L, Material M",J4LM
Tile Module,27,TM,"Shape J, Row 4, R, Material C",J4RC
Tile Module,27,TM,"Shape J, Row 4, R, Material M",J4RM
Tile Module,27,TM,"Shape J, Row 4, F, Material C",J4FC
Tile Module,27,TM,"Shape J, Row 4, F, Material M",J4FM
Tile Module,27,TM,"Shape J, Row 5, L, Material C",J5LC
Tile Module,27,TM,"Shape J, Row 5, L, Material M",J5LM
Tile Module,27,TM,"Shape J, Row 5, R, Material C",J5RC
Tile Module,27,TM,"Shape J, Row 5, R, Material M",J5RM
Tile Module,27,TM,"Shape J, Row 5, F, Material C",J5FC
Tile Module,27,TM,"Shape J, Row 5, F, Material M",J5FM
Tile Module,27,TM,"Shape J, Row 6, L, Material C",J6LC
Tile Module,27,TM,"Shape J, Row 6, L, Material M",J6LM
Tile Module,27,TM,"Shape J, Row 6, R, Material C",J6RC
Tile Module,27,TM,"Shape J, Row 6, R, Material M",J6RM
Tile Module,27,TM,"Shape J, Row 6, F, Material C",J6FC
Tile Module,27,TM,"Shape J, Row 6, F, Material M",J6FM
Tile Module,27,TM,"Shape J, Row 7, L, Material C",J7LC
Tile Module,27,TM,"Shape J, Row 7, L, Material M",J7LM
Tile Module,27,TM,"Shape J, Row 7, R, Material C",J7RC
Tile Module,27,TM,"Shape J, Row 7, R, Material M",J7RM
Tile Module,27,TM,"Shape J, Row 7, F, Material C",J7FC
Tile Module,27,TM,"Shape J, Row 7, F, Material M",J7FM
Tile Module,27,TM,"Shape J, Row 8, L, Material C",J8LC
Tile Module,27,TM,"Shape J, Row 8, L, Material M",J8LM
Tile Module,27,TM,"Shape J, Row 8, R, Material C",J8RC
Tile Module,27,TM,"Shape J, Row 8, R, Material M",J8RM
Tile Module,27,TM,"Shape J, Row 8, F, Material C",J8FC
Tile Module,27,TM,"Shape J, Row 8, F, Material M",J8FM
Tile Module,27,TM,"Shape J, Row 9, L, Material C",J9LC
Tile Module,27,TM,"Shape J, Row 9, L, Material M",J9LM
Tile Module,27,TM,"Shape J, Row 9, R, Material C",J9RC
Tile Module,27,TM,"Shape J, Row 9, R, Material M",J9RM
Tile Module,27,TM,"Shape J, Row 9, F, Material C",J9FC
Tile Module,27,TM,"Shape J, Row 9, F, Material M",J9FM
Tile Module,27,TM,"Shape J, Row 10, L, Material C",J0LC
Tile Module,27,TM,"Shape J, Row 10, L, Material M",J0LM
Tile Module,27,TM,"Shape J, Row 10, R, Material C",J0RC
Tile Module,27,TM,"Shape J, Row 10, R, Material M",J0RM
Tile Module,27,TM,"Shape J, Row 10, F, Material C",J0FC
Tile Module,27,TM,"Shape J, Row 10, F, Material M",J0FM
Tile Module,27,TM,"Shape J, Row 11, L, Material C",J1LC
Tile Module,27,TM,"Shape J, Row 11, L, Material M",J1LM
Tile Module,27,TM,"Shape J, Row 11, R, Material C",J1RC
Tile Module,27,TM,"Shape J, Row 11, R, Material M",J1RM
Tile Module,27,TM,"Shape J, Row 11, F, Material C",J1FC
Tile Module,27,TM,"Shape J, Row 11, F, Material M",J1FM
Tile Module,27,TM,"Shape J, Row 12, L, Material C",J2LC
Tile Module,27,TM,"Shape J, Row 12, L, Material M",J2LM
Tile Module,27,TM,"Shape J, Row 12, R, Material C",J2RC
Tile Module,27,TM,"Shape J, Row 12, R, Material M",J2RM
Tile Module,27,TM,"Shape J, Row 12, F, Material C",J2FC
Tile Module,27,TM,"Shape J, Row 12, F, Material M",J2FM
Tile Module,27,TM,"Shape K, Row 3, L, Material C",K3LC
Tile Module,27,TM,"Shape K, Row 3, L, Material M",K3LM
Tile Module,27,TM,"Shape K, Row 3, R, Material C",K3RC
Tile Module,27,TM,"Shape K, Row 3, R, Material M",K3RM
Tile Module,27,TM,"Shape K, Row 3, F, Material C",K3FC
Tile Module,27,TM,"Shape K, Row 3, F, Material M",K3FM
Tile Module,27,TM,"Shape K, Row 4, L, Material C",K4LC
Tile Module,27,TM,"Shape K, Row 4, L, Material M",K4LM
Tile Module,27,TM,"Shape K, Row 4, R, Material C",K4RC
Tile Module,27,TM,"Shape K, Row 4, R, Material M",K4RM
Tile Module,27,TM,"Shape K, Row 4, F, Material C",K4FC
Tile Module,27,TM,"Shape K, Row 4, F, Material M",K4FM
Tile Module,27,TM,"Shape K, Row 5, L, Material C",K5LC
Tile Module,27,TM,"Shape K, Row 5, L, Material M",K5LM
Tile Module,27,TM,"Shape K, Row 5, R, Material C",K5RC
Tile Module,27,TM,"Shape K, Row 5, R, Material M",K5RM
Tile Module,27,TM,"Shape K, Row 5, F, Material C",K5FC
Tile Module,27,TM,"Shape K, Row 5, F, Material M",K5FM
Tile Module,27,TM,"Shape K, Row 6, L, Material C",K6LC
Tile Module,27,TM,"Shape K, Row 6, L, Material M",K6LM
Tile Module,27,TM,"Shape K, Row 6, R, Material C",K6RC
Tile Module,27,TM,"Shape K, Row 6, R, Material M",K6RM
Tile Module,27,TM,"Shape K, Row 6, F, Material C",K6FC
Tile Module,27,TM,"Shape K, Row 6, F, Material M",K6FM
Tile Module,27,TM,"Shape K, Row 7, L, Material C",K7LC
Tile Module,27,TM,"Shape K, Row 7, L, Material M",K7LM
Tile Module,27,TM,"Shape K, Row 7, R, Material C",K7RC
Tile Module,27,TM,"Shape K, Row 7, R, Material M",K7RM
Tile Module,27,TM,"Shape K, Row 7, F, Material C",K7FC
Tile Module,27,TM,"Shape K, Row 7, F, Material M",K7FM
Tile Module,27,TM,"Shape K, Row 8, L, Material C",K8LC
Tile Module,27,TM,"Shape K, Row 8, L, Material M",K8LM
Tile Module,27,TM,"Shape K, Row 8, R, Material C",K8RC
Tile Module,27,TM,"Shape K, Row 8, R, Material M",K8RM
Tile Module,27,TM,"Shape K, Row 8, F, Material C",K8FC
Tile Module,27,TM,"Shape K, Row 8, F, Material M",K8FM
Tile Module,27,TM,"Shape K, Row 9, L, Material C",K9LC
Tile Module,27,TM,"Shape K, Row 9, L, Material M",K9LM
Tile Module,27,TM,"Shape K, Row 9, R, Material C",K9RC
Tile Module,27,TM,"Shape K, Row 9, R, Material M",K9RM
Tile Module,27,TM,"Shape K, Row 9, F, Material C",K9FC
Tile Module,27,TM,"Shape K, Row 9, F, Material M",K9FM
Tile Module,27,TM,"Shape K, Row 10, L, Material C",K0LC
Tile Module,27,TM,"Shape K, Row 10, L, Material M",K0LM
Tile Module,27,TM,"Shape K, Row 10, R, Material C",K0RC
Tile Module,27,TM,"Shape K, Row 10, R, Material M",K0RM
Tile Module,27,TM,"Shape K, Row 10, F, Material C",K0FC
Tile Module,27,TM,"Shape K, Row 10, F, Material M",K0FM
Tile Module,27,TM,"Shape K, Row 11, L, Material C",K1LC
Tile Module,27,TM,"Shape K, Row 11, L, Material M",K1LM
Tile Module,27,TM,"Shape K, Row 11, R, Material C",K1RC
Tile Module,27,TM,"Shape K, Row 11, R, Material M",K1RM
Tile Module,27,TM,"Shape K, Row 11, F, Material C",K1FC
Tile Module,27,TM,"Shape K, Row 11, F, Material M",K1FM
Tile Module,27,TM,"Shape K, Row 12, L, Material C",K2LC
Tile Module,27,TM,"Shape K, Row 12, L, Material M",K2LM
Tile Module,27,TM,"Shape K, Row 12, R, Material C",K2RC
Tile Module,27,TM,"Shape K, Row 12, R, Material M",K2RM
Tile Module,27,TM,"Shape K, Row 12, F, Material C",K2FC
Tile Module,27,TM,"Shape K, Row 12, F, Material M",K2FM
Wingboard and Motherboard,28,WM,Mother Board,M001
Wingboard and Motherboard,28,WM,FH Wingboard,WFH1
Wingboard and Motherboard,28,WM,BH Wingboard,WBH1
TB Cable,29,SC,Twin-Ax Cable Type A,TXA2
TB Cable,29,SC,Twin-Ax Cable Type B,TXB2
TB Cable,29,SC,Twin-Ax Cable Type C,TXC2
TB Cable,29,SC,Twin-Ax Cable Type D,TXD2
TB Cable,29,SC,Flex Cable FH,FFH3
TB Cable,29,SC,Flex Cable BH,FBH3
TB Cable,29,SC,Power Adapter Board FH,PFH2
TB Cable,29,SC,Power Adapter Board BH,PBH2
